Vocabulary,Монгол орчуулга,Meaning & Example,Монгол орчуулга,жишээ орчуулга
～えき,өртөө,,... station
めぐろ駅から あるいて ３ぷんぐらいです。It's about 3 minutes walk from Meguro station.,,өртөө,Мэгуро өртөөнөөс алхаад ойролцоогоор 3 минут болно.
～えん,иен,,... yen
これは 10,000円です。This is 10,000 yen.,,иен,Энэ бол 10000 иен.
～かい,давхар,,... floor
わたしの へやは 2かいです。My room is on the second floor.,,давхар,Миний өрөө 2 давхарт.
～かい,удаа,,... times
このえいがを 2かい みました。I watched this movie twice.,,удаа,Би энэ киног 2 удаа үзсэн.
～かかん,... өдрийн турш (хугацаа),,for ... day(s)
いちに、ふつか(かん)、みっかかん・・・ One, two, three days,,... өдрийн турш (хугацаа),
～かげつ,... сарын турш (хугацаа),,(for) ... month(s)
いっか月、にか月、さんか月・・・ One month, two months, three months ...,,... сарын турш (хугацаа),,1 сарын турш, 2 сарын турш , 3 сарын турш.,
～かた,арга,,how to ...
つかいかたを おしえてください。Please teach me how to use it.,,арга,Хийх аргыг нь заагаад өгөөч
～がつ,сар,,... month
1月、2月、3月・・・ January, February, March ...,,сар,,1-дүгээр сар, 2-дугаар сар, 3-дугаар сар,
～がります,,,(third person) wants to ... [「〜たい」のstem]＋[てform of がります]＋ います
こどもたちは ディズニーランドにいきたがっています。Children want to go to Disneyland.,,,Хүүхдүүд диснейлэнд явахыг хүсдэг
～がわ,тал,,... side
ひだりがわを あるきます。Walk on the left side.,,тал,Зүүн талд алхана.
～キロ,кг,,... kg =
1キロ、2キロ、3キロ・・・ 1 kg, 2 kg, 3 kg ...,,кг,
～キロ,км,,... km = キロメートル
10キロぐらい はしりました。I ran about 10 km.,,км,10 гаруй километр гүйсэн
～くらい/ぐらい,,ойролцоогоор, гаруй,,,about ...
2じかんぐらい べんきょうしました。I studied for about 2 hours.,,,ойролцоогоор, гаруй,,2 цаг орчим хичээлээ хийсэн
～グラム,грам,,... gram
1グラム、2グラム、3グラム・・・ 1 gram, 2 gram, 3 gram ...,,грам,,1 грамм, 2 грамм, 3 грамм,
～こ,* жижиг зүйл тоолох нөхцөл,,counter for small object
いっこ、にこ、さんこ・・・ 1, 2, 3 (small objects) ...,,* жижиг зүйл тоолох нөхцөл,
～ご,хэл,,... language
にほん語、えい語、ちゅうごく語・・・ Japanese, English, Chinese ...,,хэл,,Япон хэл, англи хэл, хятад хэл,
～ごろ,үед,,around ... (for time)
2じごろに そちらに いきます。I will go there around 2 o'clock.,,үед,2 цагийн үед тэнд очно.
～さい,нас,,... year(s) old
いっさい、にさい、さんさい・・・ 1 year old, 2 years old, 3 years old ...,,нас,,1 настай, 2 настай, 3 настай,
～さつ,* ном тоолох нөхцөл,,counter for book
いっさつ、にさつ、さんさつ・・・ 1 book, 2 books, 3 books ...,,* ном тоолох нөхцөл,,1 ном, 2 ном, 3 Ном,
～さん,,(хүн) гуай , хүндэтгэх, авгайлах,,,Mr., Mrs., Miss
すずきさん、さとうさん・・・ Mr. Suzuki, Ms. Sato,,,(хүн) гуай , хүндэтгэх, авгайлах,,,Ноён Сузуки, хатагтай Сато.,
～じ,цаг,,... o'clock
いま 3時です。It's 3 o'clock now.,,цаг,Яг одоо 3 цаг болж байна
～じかん,хугацаа,,... hour(s)
1時間、2時間、3時間・・・1 hour, 2 hours, 3 hours ...,,хугацаа,
～しゅうかん,... долоо хоногийн турш (хугацаа),,(for) ... week(s)
1週間、2週間、3週間・・・ 1 week, 2 weeks, 3 weeks ...,,... долоо хоногийн турш (хугацаа),
～じん,хүн,,...an, ...ese
にほん人、アメリカ人、ドイツ人・・・ Japanese, American, German ...,,хүн,,Япон хүн, америк хүн, герман хүн,
～すぎ,,өнгөрөх , хэтрэх, Дараа,,,past, over
2じすぎに とうきょうに つきます。I will arrive in Tokyo after 2 o'clock.,,,өнгөрөх , хэтрэх, Дараа,,2 цагийн дараа токиод очсон байна.
～ずつ,,1 бүр, Тус бүр,,,... each
これと これを ２つずつ ください。Please give me two of this and two of this.,,,1 бүр, Тус бүр,,Энэ болон энийг тус бүрээс 2-ыг өгөөч.
～せんせい,багш,,teacher
すずき先生は どこに いますか。Where is Teacher Suzuki?,,багш,Сүзүки багш хаана байна?
～だい,* машин тоолох нөхцөл,,counter for machine
いちだい、にだい、さんだい・・・ one, two three (machines),,* машин тоолох нөхцөл,,1 машин, 2 машин, 3 машин,
～たち,,- ууд, -үүд, - нар (олон тоо),,,...s, ... and others
わたしたち、こどもたち、あのひとたち。We, Children, Those people,,,- ууд, -үүд, - нар (олон тоо),,,Бид , хүүхдүүд, Тэд,
～ちゅう,дунд,,be in middle of ..., (during) in ...
いま かいぎ中です。I'm in a meeting now.,,дунд,Одоо уулзалттай байна.
～つ,* юмс тоолох нөхцөл,,counter for object
コーヒーを 3つ ください。Please give me three coffees.,,* юмс тоолох нөхцөл,Кофеноос 3 ширхгийг өгөөч.
～ど,-удаа,,... time(s)
もういちど いってください。Please say that again.,,-удаа,Дахиад 1 удаа хэлээд өгөөч.
～にち,-ны өдөр,,...st, ...nd, ...th
きょうは 12日です。Today is the 12th.,,-ны өдөр,Өнөөдөр бол 12-ны өдөр.
～にん,* хүн тоолох нөхцөл,,counter for person
ひとり、ふたり、さん人、よ人、ご人・・・ one, two three, four, five (person),,* хүн тоолох нөхцөл,,Ганцаараа ,2-улаа ,3-уулаа ,4-үүлээ ,тавуулаа,
～ねん,* жил тоолох нөхцөл,,... years
2030年, 2040年, 2050年,,* жил тоолох нөхцөл,,2030 он, 2040 он , 2050 он,
～はい/ばい/ぱい,* аягатай зүйл тоолох нөхцөл,,cups of ...
いっぱい、にはい、さんばい・・・ one, two three (cup of ...),,* аягатай зүйл тоолох нөхцөл,,1 аяга, 2 аяга, 3 аяга,
～はん,хагас,,half
いま 9じ半です。It's 9:30 now.,,хагас,Одоо 9 цаг хагас болж байна.
～ばん,дугаар,,No. ...
１ばん、２ばん、３ばん・・・ No.1, No.2, No.3 ...,,дугаар,Дугаар 1 дугаар 2 дугаар 3.
～ひき/びき/ぴき,* амьтан тоолох нөхцөл,,counter for animal
いっぴき、にひき、さんびき・・・ one (animal), two (animals), three (animals),,* амьтан тоолох нөхцөл,
～ふん/ぷん,* минут тоолох нөхцөл,,... minute(s)
いっぷん、にふん、さんぷん・・・ 1 minute, 2 minutes, 3 minutes,,* минут тоолох нөхцөл,,1 минут ,2 минут , 3 минут,
～ページ,хуудас,,... page
13ページを みてください。Please look at page 13.,,хуудас,Хуудас 13-ыг харна уу.
～ほん/ぼん/ぽん,* урт нарийн зүйлийн т/ш хэлэх нөхцөл,,counter for long object
かさが 3本 あります。I have three umbrellas.,,* урт нарийн зүйлийн т/ш хэлэх нөхцөл,Шүхэр 3 ширхэг байна.
～まい,* хавтгай нимгэн зүйлийн т/ш хэлэх нөхцөл,,counter for thin object
かみを １まい ください。Please give me a piece of paper.,,* хавтгай нимгэн зүйлийн т/ш хэлэх нөхцөл,Цааснаас 1 ширхгийг өгөөч.
～まえ,,урд, өмнө,,,... ago
2ねん前に にほんに きました。I came to Japan two years ago. before ...
レッスンの 前に トイレに いきます。Go to the bathroom before the lesson.,,,урд, өмнө,,2 жилийн өмнө Японд ирсэн.
～メートル,метр,,... meter
１メートル、1.5メートル、２メートル 1 meter, 1.5 meters, 2 meters,,метр,Хичээл эхлэхийн өмнө ариун цэврийн өрөө орно
～や,,болон, ба,,,... store, ... shop
すしや、さかなや、にくや、ケーキや... Sushi shop, Fish shop, Butcher shop, Cake shop ...,,,болон, ба,,,Сүшиний дэлгүүр, загасны дэлгүүр, махны дэлгүүр, тортны, дэлгүүр,
あいます,уулзах,,see (a person), meet
ともだちに/と 会います。I will see my friend.,,уулзах,Найзтайгаа уулзана.
あおい,цэнхэр,,blue [i-adj.]
あおいボールペン。Blue ballpoint pen,,цэнхэр,Цэнхэр үзгэн бал.
あか,улаан [н.ү],,red [noun]
赤で かきます。Write in red.,,улаан [н.ү],Улаанаар бичнэ.
あかい,улаан [т.н],,red [i-adj.]
赤いボールペン Red ballpoint pen,,улаан [т.н],
あがります,өсөх,,go up
エレベーターで 15かいに あがります。Take the elevator to the 15th floor.,,өсөх,Цахилгаан шатаар 15 давхар руу өгсөнө.
あかるい,гэрэлтэй,,bright, light [i-adj.]
このへやは あかるいです。The room is bright.,,гэрэлтэй,Энэ Өрөө бол саруулхан/ гэрэлтэй.
あき,намар,,autumn, fall
あきが すきです。I like autumn.,,намар,Би намрын улиралд дуртай.
あきます,нээгдэх,,open
ドアが あきます。The door opens.,,нээгдэх,Хаалга нээгдэнэ.
あけます,онгойлгох,,open
わたしは ドアをあけます。I open the door.,,онгойлгох,Би хаалга нээнэ.
あげます,өгөх,,give
ははの たんじょうびに プレゼントを あげました。I gave a present on my mother's birthday.,,өгөх,Би ээжийн төрсөн өдрөөр бэлэг өгсөн.
あさ,өглөө,,morning
あしたの 朝は 6じに おきます。 I will get up at 6 o'clock tomorrow morning.,,өглөө,Би маргааш өглөө 6 цагт босно.
あさごはん,өглөөний хоол,,breakfast
もう 朝ごはんを たべましたか。 Have you eaten breakfast yet?,,өглөөний хоол,Аль хэдийн өглөөний хоолоо идчихсэн үү.
あさって,нөгөөдөр,,the day after tomorrow
あさっては にほんごの テストです。The day after tomorrow will be a Japanese test.,,нөгөөдөр,Нөгөөдөр япон хэлний тесттэй.
あし,хөл,,leg, foot
かのじょは足が ながいです。 She has long legs.,,хөл,Тэр эмэгтэй урт хөлтэй.
あした,маргааш,,tomorrow
では、また あした。See you tomorrow.,,маргааш,Тэгвэл маргааш уулзъя.
あそこ,тэнд,,over there
あそこで バスに のります。Get on the bus over there.,,тэнд,Тэндээс автобусанд сууна.
あそびます,,хөгжилдөх, тоглох,,,play
こどもは よく こうえんで あそびます。Children often play in the park.,,,хөгжилдөх, тоглох,,Хүүхдүүд цэцэрлэгт хүрээлэнд сайхан тоглосон
あたたかい,дулаан,,warm [i-adj.]
きょうは きのうより あたたかいです。Today is warmer than yesterday.,,дулаан,Өнөөдөр өчигдрөөс дулаахан байна.
あたま,толгой,,head
かれは とても あたまが いいです。He is very smart.,,толгой,Тэр их толгой сайтай.
あたらしい,шинэ,,new [i-adj.]
新しい コンピュータを かいました。I bought a new computer.,,шинэ,Би шинэ компьютер худалдаж авсан.
あちら,тээр тэнд,,over there 「あそこ」の more polite
いりぐちは あちらです。The entrance is over there.,,тээр тэнд,Орох хаалга тэнд байна.
あつい,халуун,,hot [i-adj.]
きょうは あついですね。It's hot today.,,халуун,Өнөөдөр халуун байна.
あつい,зузаан,,thick [i-adj.]
このほんは あついです。This book is thick.,,зузаан,Энэ ном зузаан байна.
あと(で),,дараа, дараагаар,,,after
あさごはんの 後で さんぽをします。I will take a walk after breakfast.,,,дараа, дараагаар,,Өглөөний цайны дараа алхалт хийнэ.
あに,ах,,(my) older brother
あには イギリスに います。My brother is in England.,,ах,Миний ах Англид байгаа.
あね,эгч,,(my) older sister
あねは フランスに います。My sister is in France.,,эгч,Миний эгч Францад байгаа.
あの～,,тэр, нөгөө,,,that ...
あのひとは だれですか。Who is that person?,,,тэр, нөгөө,,Тэр хүн хэн бэ?
アパート,орон сууц,,apartment
わたしは ふるいアパートにすんでいます。I live in an old apartment.,,орон сууц,Би хуучин орон сууцанд амьдардаг.
あびます,шүршүүрт орох,,take (a shower)
あさ シャワーを あびます。 Take a shower in the morning.,,шүршүүрт орох,Өглөө шүршүүрт ордог.
あぶない,аюултай,,dangerous [i-adj.]
ここは あぶないですよ。It's dangerous here.,,аюултай,Энд аюултай шүү.
あまい,,чихэрлэг, амттай,,,sweet [i-adj.]
このケーキは とても あまいです。This cake is very sweet.,,,чихэрлэг, амттай,,Энэ бялуу үнэхээр амттай байна.
あまり,,тийм ч, тийм ч их,,,not much ...
あまり ほんを よみません。I don't read many books.,,,тийм ч, тийм ч их,,Ном бараг уншдаггүй.
あめ,бороо,,rain
ごごは たぶん 雨が ふります。It will probably rain in the afternoon.,,бороо,Үдээс хойш бороо орж магадгүй.
アメリカ,Америк,,The United States of America
あには アメリカに いきました。My brother went to America.,,Америк,Миний ах Америк руу явсан.
あらいます,угаах,,wash
ここで てを あらいます。 Wash your hands here.,,угаах,Энд гараа угаана.
あります,орших,,be [existence]
はこの なかに りんごが ななつ あります。There are seven apples in the box.,,орших,Хайрцаг дотор 7 ширхэг алим байна.
あります,байх,,have [possession]
わたしは きょう じかんが あります。I have time today.,,байх,Өнөөдөр надад цаг байгаа.
あるきます,алхах,,walk
きのうは オフィスから うちまで あるきました。I walked from the office to my house yesterday.,,алхах,Өчигдөр ажлаас гэр хүртэл алхсан.
あれ,тэр,,that (one)
あれは なんですか。What is that?,,тэр,Тэр юу вэ?
いい,сайн,,good [i-adj.]
この アプリは とても いいです。This app is very nice.,,сайн,Энэ аппликейшн үнэхээр гоё.
いいます,хэлэх,,say, tell
もういちど 言います。I will say it again.,,хэлэх,Дахиад 1 удаа хэлье.
いえ,гэр,,house
家の なかは あたたかいです。The inside of the house is warm.,,гэр,Гэрт дулаахан байна.
いきます,явах,,go
じてんしゃで がっこうに 行きます。I go to school by bicycle.,,явах,Дугуйгаар гэр рүүгээ явна.
いくつ,хэд,,how many, how old
れいぞうこの なかに たまごが いくつ ありますか。How many eggs are there in the fridge?,,хэд,Хөргөгчинд хэдэн ширхэг өндөг байна вэ?
いくら,хэр их,,how much
これは いくらですか。How much is this?,,хэр их,Энэ хэд вэ?
いけ,цөөрөм,,pond
いけの なかに きれいな さかなが います。There are beautiful fish in the pond.,,цөөрөм,Цөөрөм дотор үзэсгэлэнтэй загас байна.
いしゃ,эмч,,doctor = おいしゃさん。
ちちは いしゃです。My father is a doctor.,,эмч,Миний аав бол эмч.
いす,сандал,,chair
このいすは たかかったです。This chair was expensive.,,сандал,Энэ сандал хүнтэй байсан.
いそがしい,завгүй,,busy [i-adj.]
このごろ まいにち いそがしいです。I'm busy these days.,,завгүй,Өдөр бүр завгүй байна.
いたい,,өвчтэй, өвдөж байна,,,be painful [i-adj.]
きょうは すこし あたまが いたいです。I have a slight headache today.,,,өвчтэй, өвдөж байна,,Өнөөдөр толгой бага зэрэг өвдөж байна.
いち,нэг,,one
いち、に、さん、し、ご・・・one, two, three, four, five...,,нэг,
いちど,нэг удаа,,once
もう一ど いってください。Say that once more please.,,нэг удаа,Дахиад 1 удаа хэлээд өгөөч.
いちにち,нэг өдөр,,one day
きのうは 一日 うちに いました。I was at home all day yesterday.,,нэг өдөр,Өчигдөр бүтэн өдөр гэртээ байсан.
いちばん,,хамгийн, хамгийн шилдэг,,,the best
一ばん いいものを えらびます。Choose the best one.,,,хамгийн, хамгийн шилдэг,,Хамгийн сайныг нь сонгоно.
いつ,хэзээ,,when
いつ とうきょうに いきますか。When are you going to Tokyo?,,хэзээ,ЧИ хэзээ токио явах вэ?
いつか,,таван өдөр, тавны өдөр,,,the fifth day of the month, five days
きょうは 五日です。Today is the 5th.,,,таван өдөр, тавны өдөр,,өнөөдөр 5ны өдөр
いっしょ(に),,хамт, цуг,,,together
ともだちと いっしょに がっこうに いきます。I will go to school with my friends.,,,хамт, цуг,,Би найзтайгаа хамт сургуульдаа явна.
いつつ,таван ширхэг,,five
りんごは 五つ 400えんです。Five apples cost 400 yen.,,таван ширхэг,5 ширхэг алим 400 иен болно.
いつも,,үргэлж, байнга,,,always
いつも けいたいでんわをもっています。I always have a mobile phone.,,,үргэлж, байнга,,Би үргэлж гар утастайгаа байна.
いま,одоо,,now
今 なんじですか。What time is it now?,,одоо,Одоо хэдэн цаг болж байна вэ?
います,,орших , байх / хүн, амьтан/,,,be (existence)
わたしは いま いえに います。I'm at home now. have (family)
わたしは きょうだいが います。I have a sibling.,,,орших , байх / хүн, амьтан/,,Би одоо гэртээ байна. Надад ах дүү байгаа.
いみ,утга,,meaning
おなじ いみのぶんは どれですか。Which sentences have the same meaning?,,утга,Аль нь адилхан утгатай өгүүлбэр вэ?
いもうと,охин дүү,,(my) younger sister
いもうとは いま いえに いません。My sister isn't at home right now.,,охин дүү,Охин дүү маань яг одоо гэртээ байхгүй байна.
いもうとさん,охин дүү /өөр хүний/,,(someone's) younger sister
いもうとさんは どこに いますか。Where is your sister?,,охин дүү /өөр хүний/,Охин дүү чинь хаана байна вэ?
いや,,хүсэхгүй, дургүй,,,hateful, not likable, unpleasant [na-adj.]
いやな しごとも あります。There are also unpleasant jobs.,,,хүсэхгүй, дургүй,,Дургүй ажил ч бас байгаа.
いりぐち,орох хаалга,,entrance
入口は どこですか。Where is the entrance?,,орох хаалга,Орох хаалга хаана байна вэ?
いります,,хэрэгтэй, шаардлагатай,,,be necessary, must have, need
ふくろは いりません。I do not need a bag.,,,хэрэгтэй, шаардлагатай,,Надад уудах хэрэггүй.
いれます,,хийх, оруулах,,,put in
コーヒーに クリームを 入れますか。Would you like to add cream to your coffee?,,,хийх, оруулах,,Кофендоо крем хийх үү?
いろ,өнгө,,color
どんな いろが すきですか。What kind of color do you like?,,өнгө,Та ямар өнгөнд дуртай вэ?
いろいろ,,өөр өөр, янз бүр,,,various [na-adj.]
この ビルの なかには いろいろな みせが あります。There are various shops in this building.,,,өөр өөр, янз бүр,,Энэ барилга дотор янз бүрийн дэлгүүр байгаа.
うえ,дээр,,on, above, top
めがねは つくえの 上に あります。The glasses are on the desk.,,дээр,Нүдний шил ширээн дээр байна.
うしろ,ард,,back, behind
モニターの 後ろに スイッチが あります。There is a switch on the back of the monitor.,,ард,Дэлгэцний ард унтраалга байгаа.
うすい,нимгэн,,thin [i-adj.]
このほんは うすいです。This book is thin.,,нимгэн,Энэ ном бол нимгэн.
うた,дуу,,song
これは いい うたですね。 This is a good song.,,дуу,Энэ бол гоё дуу.
うたいます,дуулах,,sing
カラオケで にほんごの うたを うたいました。I sang a Japanese song at karaoke.,,дуулах,Караокед Япон дуу дуулсан.
うち,гэр,,home
うちは どこですか。Where is your home?,,гэр,Гэр чинь хаана вэ?
うまれます,төрөх,,be born
せんげつ あかちゃんが 生まれました。Last month, a baby was born.,,төрөх,Өнгөрсөн сард хүүхэд минь төрсөн.
うみ,далай,,sea
やまより うみが すきです。I like the sea better than the mountains.,,далай,Уулнаас илүү далайд дуртай.
うります,зарах,,sell
Amazonで うっています。It is sold on Amazon.,,зарах,Энэ амазонд зарагдаж байгаа.
うるさい,шуугиантай,,loud [i-adj.]
ちかてつの なかは うるさいです。It's noisy in the subway.,,шуугиантай,Метронд чимээ ихтэй байдаг.
うれしい,,аз жаргалтай, баяртай,,,happy, pleased [i-adj.]
とても うれしいです。I am very happy.,,,аз жаргалтай, баяртай,,Маш их баяртай байна.
うわぎ,хувцас /дээгүүр өмсдөг/,,coat, jacket, outerwear
みせに うわぎを わすれました。I forgot my jacket at the store.,,хувцас /дээгүүр өмсдөг/,Дэлгүүрт гадуур хувцсаа мартсан.
エアコン,агааржуулагч,,air conditioner
わたしの うちには エアコンが ５だい あります。There are 5 air conditioners in my house.,,агааржуулагч,Манай гэрт 5 ширхэг агааржуулагч бий.
えいが,кино,,movie
きのう ともだちと えいがを みました。I watched a movie with my friends yesterday.,,кино,Өчигдөр найзтайгаа кино үзсэн.
えいがかん,кино театр,,movie theater
あたらしい えいがかんに いきました。I went to a new movie theater.,,кино театр,Шинэ кино театр руу явсан.
えいご,англи хэл,,English
えいごで はなしても いいですか。May I speak in English?,,англи хэл,Англи хэлээр ярьсан ч болох уу?
えき,өртөө,,station
うちから 駅まで 5ふんぐらいです。It takes about 5 minutes from our house to the station.,,өртөө,Гэрээс буудал хүртэл ойролцоогоор 5 минут.
えらびます,сонгох,,choose
いちばん いいものを えらびます。Choose the best one.,,сонгох,Хамгийн сайныг нь сонгоно.
エレベーター,цахилгаан шат,,elevator, lift
エレベーターは どこに ありますか。Where is the elevator?,,цахилгаан шат,Цахилгаан шат хаана байгаа вэ?
えんぴつ,харандаа,,pencil
えんぴつで かいても いいですか。Can I write it in pencil?,,харандаа,Харандаагаар бичсэн ч болох уу?
お～,,,[polite prefix]
おくに。おかね。おしごと。おでんわ。Country. Money. Job. Phone.,,,
おいしい,амттай,,delicious, good, tasty [i-adj.]
このみせの ラーメンは おいしいです。The ramen in this shop is delicious.,,амттай,Энэ дэлгүүрийн гоймон амттай.
おいでになります,ирэх,,come, go, be [respect]
あしたは なんじに おいでになりますか。What time will you come tomorrow?,,ирэх,Маргааш хэдэн цагт ирэх вэ?
おおい,,олон, их,,,a lot of [i-adj.]
このホテルは へやが 多いです。This hotel has many rooms.,,,олон, их,,Энэ буудал олон өрөөтэй.
おおきい,том [т.н],,big [i-adj.]
大きい くるまを かいたいです。I want to buy a big car.,,том [т.н],Том машин худалдаж авмаар байна.
おおきな,том [н.ү],,big 大きな[noun] = 大きい[noun]
大きな ショッピングモールにいきました。I went to a big shopping mall.,,том [н.ү],Том худалдааны төв рүү явмаар байна.
おおぜい,олон хүн,,many (people), a great number of (people)
えきの まえに ひとが おおぜい います。There are a lot of people in front of the station.,,олон хүн,Буудлын өмнө хүмүүс маш их байна.
おかあさん,ээж,,(someone's) mother
かれの お母さんは にほんじんです。His mom is Japanese.,,ээж,Тэр залуугийн ээж бол япон хүн.
おかし,,амттан, чихэр,,,confectionery, cake, candy, sweets
にほんの おかしが すきです。I like Japanese sweets.,,,амттан, чихэр,,Би япон чихрэнд дуртай.
おかね,мөнгө,,money
お金は たいせつです。Money is important.,,мөнгө,Мөнгө бол чухал.
おきます,тавих,,put (Group 1 verb)
バッグを テーブルの したに おきます。Place the bag under the table.,,тавих,Цүнхээ ширээний дор тавина.
おきます,сэрэх,,get up (Group 2 verb)
まいにち 7じに おきます。It wakes up at 7 o'clock every day.,,сэрэх,Өдөр бүр 7 цагт босдог.
おくさん,ээж,,(someone's) wife
かれの おくさんは とても きれいです。His wife is very pretty.,,ээж,Тэр залуугийн эхнэр маш үзэсгэлэнтэй.
おくに,улс,,country = くに。
お国は どちらですか。Where is your country?,,улс,Та аль улсынх вэ?
おくります,илгээх,,send
メールで データを おくります。We will send you the data by email.,,илгээх,Мэйлээр өгөгдлийг илгээнэ.
おさけ,архи,,liquor, (alcoholic) drink, sake
ときどき おさけを のみます。I drink alcohol sometimes.,,архи,заримдаа/ Үе үе архи уудаг.
おさら,таваг,,plate = さら。
おおきい おさらを 5まい かいました。I bought 5 large plates.,,таваг,Том таваг 5 ширхгийг худалдаж авсан.
おじさん,авга ах,,uncle
おじさんは いつ にほんに きますか。When will your uncle come to Japan?,,авга ах,Авга ах чинь хэзээ Японд ирэх вэ?
おじいさん,өвөө,,grandfather
かれの おじいさんは いま カナダに います。His grandfather is now in Canada.,,өвөө,Тэр залуугийн өвөө одоо Канадад байгаа.
おしえます,заах,,teach, tell
ともだちに えいごを おしえます。I will teach English to my friends.,,заах,Би найздаа англи хэл заана.
おそい,,удаан, орой,,,late [i-adj.]
きょうは おそいですね。You are late today, aren't you?,,,удаан, орой,,Өнөөдөр хоцорлоо шүү.
おそく,хоцрох,,late [noun]
きのうは おそくまで しごとを しました。I worked late yesterday.,,хоцрох,Өчигдөр орой болтол ажилласан.
おちゃ,цай,,tea
おちゃを のみませんか。Would you like to have a cup of tea?,,цай,Цай уухгүй биз?
おてあらい,ариун цэврийн өрөө,,lavatory, toilet
おてあらいは どこですか。Where is the restroom?,,ариун цэврийн өрөө,Ариун цэврийн өрөө хаана вэ?
おとうさん,аав,,(someone's) father
お父さんは なんさいですか。How old is your father?,,аав,Аав чинь хэдэн настай вэ?
おとうと,эрэгтэй дүү,,(my) younger brother
おとうとは がくせいです。My younger brother is a student.,,эрэгтэй дүү,Миний эрэгтэй дүү бол оюутан.
おとうとさん,эрэгтэй дүү / өөр хүний/,,(someone's) younger brother
おとうとさんは なんさいですか。How old is your younger brother?,,эрэгтэй дүү / өөр хүний/,Эрэгтэй дүү чинь хэдэн настай вэ?
おとこ,эрэгтэй,,male
男のひとが 5にん います。 There are 5 men.,,эрэгтэй,Эрэгтэй 5 хүн байна.
おとこのこ,эрэгтэй хүүхэд,,boy
男の子が 3にん います。There are 3 boys.,,эрэгтэй хүүхэд,Эрэгтэй хүүхэд 3 байна.
おととい,уржигдар,,the day before yesterday
おととい ともだちに あいました。I met my friend the day before yesterday.,,уржигдар,Би уржигдар найзтайгаа уулзсан.
おととし,уржинан жил,,the year before last
おととし にほんに きました。I came here two years ago.,,уржинан жил,Уржнан жил Японд ирсэн.
おとな,насанд хүрсэн хүн,,adult
大人は 1,000えん、こどもは 500えんです。Adults are 1,000 yen and children are 500 yen.,,насанд хүрсэн хүн,,Том хүн бол мянган иен ,хүүхэд бол 500 иен.,
おなか,гэдэс,,stomach
おなかが すきました。I'm hungry.,,гэдэс,Гэдэс өлсчихлөө.
おなじ,,адилхан, ижил,,,same
おなじ いみの ぶんは どれですか。Which sentences have the same meaning?,,,адилхан, ижил,,Адилхан утгатай өгүүлбэр аль нь вэ?
おにいさん,ах / өөр хүний/,,(someone's) older brother
おにいさんは にほんに いますか。Is your brother in Japan?,,ах / өөр хүний/,Ах чинь Японд байгаа юу?
おにぎり,будааны бөмбөг,,rice ball
コンビニで おにぎりを ふたつ かいました。I bought two rice balls at a convenience store.,,будааны бөмбөг,Комбинигоос 2 ширхэг будааны бөмбөлөг худалдаж авсан.
おねえさん,эгч,,(someone's) older sister
おねえさんは なにを していますか。What is your sister doing?,,эгч,Эгч нь юу хийдэг вэ?
おばさん,нагац,,aunt
おばさんは いつ にほんに きますか。When will your aunt come to Japan?,,нагац,Нагац чинь хэзээ Японд ирэх вэ?
おばあさん,эмээ,,grandmother
おばあさんは なんさいですか。How old is your grandmother?,,эмээ,Эмээ чинь хэдэн настай вэ?
おべんとう,хоол,,lunch box
おべんとうを つくります。I will make a lunch box.,,хоол,Би өдрийн хоол хийнэ.
おぼえます,,санах , цээжлэх,,,memorize
アプリで あたらしい ことばを おぼえます。Learn new words in the app.,,,санах , цээжлэх,,Аппликейшнээр шинэ үг цээжилнэ.
おみせ,дэлгүүр,,shop = みせ。
えきの なかの お店で かいました。I bought it at a shop inside the station.,,дэлгүүр,Эки доторх дэлгүүрээс худалдаж авсан.
おもい,хүнд,,heavy [i-adj.]
このノートパソコンはおもいです。This laptop is heavy.,,хүнд,Энэ зөөврийн компьютер хүнд юм.
おもしろい,сонирхолтой,,fun, funny, interesting [i-adj.]
おもしろいえいがをみました。I watched an interesting movie.,,сонирхолтой,Сонирхолтой кино үзсэн.
およぎます,сэлэх,,swim
まいしゅうまつ 500メートル およぎます。I swim 500 meters every weekend.,,сэлэх,7 хоног бүр 500 метр сэлдэг.
おります,буух,,get off
つぎの えきで でんしゃを おります。Get off the train at the next station.,,буух,Дараагийн буудал дээр метроноос бууна.
おわります,дуусах,,end, finish
かいぎは 3じに おわります。The meeting ends at 3 o'clock.,,дуусах,Уулзалт 3 цагт дуусна.
おんがく,хөгжим,,music
おんがくが だいすきです。I love music.,,хөгжим,Хөгжимд маш их дуртай.
おんな,эмэгтэй,,female
わたしのオフィスには女のひとが 6にん います。There are 6 women in my office.,,эмэгтэй,Манай оффис дээр 6 эмэгтэй хүн байдаг.
おんなのこ,эмэгтэй хүүхэд,,girl
女の子が 3にん います。There are 3 girls.,,эмэгтэй хүүхэд,Эмэгтэй хүүхэд 3 байна
か,гал,,Tuesday = かようび。
3がつ15にち（火） March 15th (Tuesday),,гал,3 сарын 15-ны өдөр Мягмар гараг.
がいこく,гадаад,,foreign country
外国に いきたいです。I want to go abroad.,,гадаад,Гадаад явмаар байна.
がいこくじん,гадаад хүн,,foreigner
うちの かいしゃには外国人が おおぜい います。There are many foreigners in my company.,,гадаад хүн,Манай компанид гадаад хүн олон байдаг.
かいしゃ,компани,,company
うちから 会社まで 40ぷんぐらいです。It's about 40 from our house to the company.,,компани,Манай компани хүртэл ойролцоогоор 40 минут.
かいだん,шат,,stairs
かいだんで いきましょう。Let's go up the stairs.,,шат,Шатаар явцгаая.
かいとうようし,хариултын хуудас,,answer sheet
これは テストの かいとうようしです。This is the test answer sheet.,,хариултын хуудас,Энэ бол тестийн хариултын хуудас.
かいます,худалдаж авах,,buy
おいしい パンを 買いました。I bought some delicious bread.,,худалдаж авах,Амттай талх худалдаж авсан
かいもの,худалдан авах,,shopping
くるまで 買いものに いきます。I'm going shopping by car.,,худалдан авах,Машинаар дэлгүүр явсан.
かえします,буцаах,,return (object)
としょかんに ほんを かえします。Return the book to the library.,,буцаах,Номын сангаас ном зээлсэн.
かえります,,буцах, харих,,,return, go back
タクシーで うちに かえります。I'll take a taxi home.,,,буцах, харих,,Таксигаар гэртээ харина.
かお,нүүр,,face
あのひとの かおを おぼえていますか。Do you remember that person's face?,,нүүр,Тэр хүний царайг санаж байна уу?
かかります,зарцуулах,,take (time, money)
えきまで あるいて 10ぷん かかります。It takes 10 minutes on foot to the station.,,зарцуулах,Эки хүртэл алхахад 10 минут зарцуулна.
かぎ,түлхүүр,,key
うちに くるまの かぎを わすれました。I forgot my car key at home.,,түлхүүр,Гэртээ машиныхаа түлхүүрийг мартсан.
かきます,бичих,,write
えきまでの ちずを 書きましょうか。Shall I write a map to the station?,,бичих,Гэр хүртэлх газрын 6-ийг зурцгаая.
がくせい,оюутан,,student
いもうとは まだ 学生です。My sister is still a student.,,оюутан,Эмэгтэй дүү маань одоохондоо оюутан.
かけます,зүүх /өмсөх/,,wear
めがねを かけます。I wear glasses.,,зүүх /өмсөх/,Би нүдний шил зүүдэг.
かけます,залгах /утсаар/,,call
あとで かいしゃに でんわを かけます。I'll call the company later.,,залгах /утсаар/,Дараа компани руу залгая.
かさ,шүхэр,,umbrella
かさが ありますか。Do you have an umbrella?,,шүхэр,Шүхэр байгаа юу?
かします,зээлэх,,lend
ペンを かしてください。Please lend a pen.,,зээлэх,Үзгээ хэрэглүүлээч/зээлээч.
かぜ,салхи,,wind
きょうは とても かぜが つよいです。It's very windy today.,,салхи,Өнөөдөр их салхитай байна.
かぜ,ханиад,,cold
かぜを ひきました。I caught a cold.,,ханиад,Ханиад хүрсэн.
かぞく,гэр бүл,,family
わたしの かぞくも とうきょうに すんでいます。My family also lives in Tokyo.,,гэр бүл,Миний гэр бүл ч бас токиод амьдардаг.
かた,хүн,,person (respect)
かいしゃのかたと はなしました。I talked to a person from the company.,,хүн,Ажлынхаа хүнтэй ярилцсан.
カタカナ,катакана,,katakana
カタカナは むずかしくないです。Katakana is not difficult.,,катакана,Катакана ана бол хэцүү биш.
がっこう,сургууль,,school
あるいて 学校に いきます。I will walk to school.,,сургууль,Алхаад сургууль руугаа явна.
かど,өнцөг,,corner
つぎの かどを みぎに まがります。Turn right at the next corner.,,өнцөг,Дараачийн булангаар баруун эргэнэ.
かない,,,(my) wife
かないは いま うちに います。My wife is at home now.,,,Манай эхнэр одоо гэртээ байгаа.
かばん,цүнх,,bag
かばんの なかに PCが あります。There is a PC in the bag.,,цүнх,Цүнхэн дотор РС байгаа.
かびん,ваар,,vase
テーブルの うえに かびんが あります。There is a vase on the table.,,ваар,Ширээн дээр цэцгийн ваар байна.
かぶります,,углах, өмсөх /малгай/,,,put on
ぼうしを かぶります。Put on a hat.,,,углах, өмсөх /малгай/,,Малгайгаа өмсөнө.
かみ,цаас,,paper
紙を 1まい ください。Please give me a piece of paper.,,цаас,Цаас 1 ширхгийг өгөөч
カメラ,камер,,camera
あたらしい カメラを かいたいです。I want to buy a new camera.,,камер,Шинэ камер худалдаж авсан.
かようび,Мягмар гараг,,Tuesday
きょうは 火よう日です。 Today is Tuesday.,,Мягмар гараг,Өнөөдөр бол мягмар гараг.
からい,халуун ногоотой,,hot, spicy [i-adj.]
からい たべものは だいじょうぶですか。Is spicy food okay?,,халуун ногоотой,Халуун ногоотой идэх юм зүгээр үү?
からだ,бие,,body
スポーツは からだに いいです。Sports are good for you.,,бие,Спорт бол бид сайн.
かります,зээлж авах,,borrow
ともだちに かさを かりました。I borrowed an umbrella from my friend.,,зээлж авах,Найзаасаа шүхэр зээлсэн.
かるい,хөнгөн,,light, not heavy [i-adj.]
このバッグは かるいです。This bag is light.,,хөнгөн,Энэ цүнх хөнгөн байна.
カレンダー,календар,,calendar
これは きょねんの カレンダーです。This is last year's calendar.,,календар,Энэ бол өнгөрсөн жилийн календарь.
かわ,гол,,river
おおきい川が あります。There is a big river.,,гол,Том гол байна.
かわいい,хөөрхөн,,pretty, sweet, cute [i-adj.]
こどもは かわいいです。Children are cute.,,хөөрхөн,Хүүхэд бол хөөрхөн.
かんがえます,бодох,,consider, think
いいアイデアを かんがえました。I came up with a good idea.,,бодох,Сайхан санаа бодсон.
かんじ,ханк,,kanji
かんじの べんきょうを しています。I'm studying kanji.,,ханк,Ханзны хичээл хийж байна.
かんたん,амархан,,easy [na-adj.]
このもんだいは かんたんです。This question is easy.,,амархан,Энэ асуулт амархан.
き,мод,,tree
にわに おおきい 木が あります。There is a big tree in the garden.,,мод,Цэцэрлэгт том мод байна.
きいろい,шар өнгө,,yellow [i-adj.]
きいろい マーカーで チェックします。Check with the yellow marker.,,шар өнгө,Шар өнгийн тодруулагчаар шалгана.
きえます,тасрах,,go out, go off
でんきが きえました。The electricity has gone out.,,тасрах,Тог тасарсан.
ききます,сонсох,,ask, hear, listen
イヤホンで おんがくを 聞きます。Listen to music with earphones.,,сонсох,Чихэвчээр хөгжим сонсдог.
きた,хойд,,north
北は どちらですか。Which direction is north?,,хойд,Хойд зүг аль вэ?
ギター,гитар,,guitar
ギターの れんしゅうを しています。I'm practicing the guitar.,,гитар,Гитарын дасгал хийж байна.
きたない,бохир,,dirty [i-adj.]
このビルの トイレは きたないです。The toilet in this building is dirty.,,бохир,Энэ барилгын ариун цэврийн өрөө бохир байна.
きっさてん,кофе шоп,,coffee shop
えきのまえに ふるい きっさてんが あります。There is an old coffee shop in front of the station.,,кофе шоп,Өртөөний урд хуучин кофе шоп байгаа.
きって,,тамга, марк,,,stamp
ゆうびんきょくで きってを かいました。I bought a stamp at the post office.,,,тамга, марк,,Шуудангаас марк худалдаж авсан.
きっぷ,тасалбар,,ticket
これは しんかんせんの きっぷです。This is a Shinkansen ticket.,,тасалбар,Энэ бол хурдан галт тэрэгний тасалбар.
きのう,өчигдөр,,yesterday
きのう たくさん にほんごの べんきょうをしました。I studied a lot of Japanese yesterday.,,өчигдөр,Өчигдөр япон хэлний хичээл их хийсэн.
きます,ирэх,,come
らいしゅう りょうしんが とうきょうに 来ます。Next week, my parents will come to Tokyo.,,ирэх,Дараа 7 хоногт эцэг эх маань токиод ирнэ.
きます,өмсөх,,put on, wear
さむいですから、セーターをきます。It's cold, so I'll wear a sweater.,,өмсөх,Хүйтэн байгаа болохоор хоолойтой цамцаа өмснө.
きゅう,ес,,nine
ほんを 九さつ かりました。I borrowed nine books.,,ес,9 ширхэг ном түр авсан.
ぎゅうにく,үхрийн мах,,beef
にほんで ぎゅうにくは たかいです。Beef is expensive in Japan.,,үхрийн мах,Японд үхрийн мах бол үнэтэй.
ぎゅうにゅう,сүү,,milk
まいあさ ぎゅうにゅうを のみます。I drink milk every morning.,,сүү,Өглөө бүр сүү ууна.
きょう,өнөөдөр,,today
今日は いい てんきですね。It's nice weather today, isn't it?,,өнөөдөр,Өнөөдөр цаг агаар сайхан байна шүү.
きょうしつ,анги,,classroom
せんせいは きょうしつに います。The teacher is in the classroom.,,анги,
きょうだい,ах дүүс,,brothers and sisters; siblings
きょうだいが いますか。Do you have any siblings?,,ах дүүс,
きょうと,Киото /хотын нэр/,,Kyoto [name of city]
おととし きょうとに いきました。I went to Kyoto two years ago.,,Киото /хотын нэр/,
きょねん,өнгөрсөн эил,,last year
きょねん にほんごの べんきょうをはじめました。Last year, I started studying Japanese.,,өнгөрсөн эил,
きらい,дургүй,,hateful, unpleasant, not likable [na-adj.]
なっとうが きらいです。I hate natto.,,дургүй,
きります,хайчлах,,cut
やさいを きります。 Cut the vegetables.,,хайчлах,
きれい,,үзэсгэлэнтэй, гоё,,,beautiful, clean [na-adj.]
このへやは きれいです。This room is clean.,,,үзэсгэлэнтэй, гоё,,
きん,,алт, мөнгө,,,Friday = きんようび。
2がつ26にち（金） February 26th (Friday),,,алт, мөнгө,,
ぎんこう,банк,,bank
あとで 銀行に いきます。I will go to the bank later.,,банк,
きんようび,баасан гараг,,Friday
金よう日に あいましょう。Let's meet on Friday.,,баасан гараг,
く,ес,,nine
いま 九じです。It's nine o'clock now.,,ес,
くすり,эм,,medicine
しょくじの あとで くすりを のみます。Take medicine after meals.,,эм,
くだもの,жимс,,fruit
よく くだものを たべます。I often eat fruits.,,жимс,
くち,ам,,mouth
かれは 口が おおきいです。He has a big mouth.,,ам,
くつ,гутал,,shoes
くつの サイズは いくつですか。What is the size of your shoes?,,гутал,
くつした,оймс,,socks
しろい くつ下を かいました。I bought white socks.,,оймс,
くに,улс,,country
あした 国に かえります。Tomorrow, I will return to my country.,,улс,
くもり,үүлэрхэг,,cloudy weather
きょうは くもりです。It's cloudy today.,,үүлэрхэг,
くらい,харанхуй,,dark [i-adj.]
このへやは くらいです。This room is dark.,,харанхуй,
クラス,анги,,class
しゅうまつは ヨガの クラスに いきます。I go to yoga classes on weekends.,,анги,
くるま,машин,,car
きょうは 車が おおいですね。There are many cars today.,,машин,
くろ,хар өнгө,,black [noun]
くろで かきます。Write in black.,,хар өнгө,
くろい,хар өнгөтэй,,black [i-adj.]
くろい バッグが 3つ あります。There are three black bags.,,хар өнгөтэй,
くろく,харлах,,black [adv.]
くろく なりました。 It turned black.,,харлах,
ケーキ,торт,,cake
このケーキを 4つ ください。Please give me four of these cakes.,,торт,
けさ,өнөө өглөө,,this morning
今朝は ６じに おきました。I got up at 6 o'clock this morning.,,өнөө өглөө,
けしゴム,баллур,,eraser
けしゴムを かしてください。Please lend me an eraser.,,баллур,
けします,арилгах,,switch off, turn off, erase
でんきを けします。Turn off the light.,,арилгах,
げつ,сар,,Monday = げつようび。
4がつ22にち（月） April 22nd (Monday),,сар,
けっこんします,гэрлэх,,get married
2がつ15にちに けっこんしました。I got married on February 15th.,,гэрлэх,
げつようび,даваа гараг,,Monday
月よう日は いつも いそがしいです。I'm always busy on Mondays.,,даваа гараг,
げんかん,,орох хаалга, урд хаалга,,,front door, front entrance
げんかんで くつを ぬぎます。Take off your shoes at the entrance.,,,орох хаалга, урд хаалга,,
げんき,,эрүүл, сайн,,,fine [na-adj.]
おげんきですか。How are you?,,,эрүүл, сайн,,
ご,ご,,five
ふじさんに五かい のぼりました。I climbed Mt. Fuji five times.,,ご,
こうえん,цэцэрлэг,,park
うちの ちかくに こうえんが あります。There is a park near my house.,,цэцэрлэг,
こうばん,цагдаагийн хэсэг,,police box
えきの まえに こうばんが あります。There is a police box in front of the station.,,цагдаагийн хэсэг,
こえ,дуу хоолой,,voice
いい こえですね。You have a good voice.,,дуу хоолой,
コート,цув,,coat
さむいから、コートをきます。It's cold, so I'll wear a coat.,,цув,
コーヒー,кофе,,coffee
コーヒーを 2はい のみました。I drank two cups of coffee.,,кофе,
ここ,энд,,here
ここは あついです。It's hot here.,,энд,
ごご,үдээс хойш,,afternoon, p.m.
あしたの 午後は うちに います。I'll be at home tomorrow afternoon.,,үдээс хойш,
ここのか,,долооны өдөр, долоон өдөр,,,ninth day of the month, nine days
きょうは 九日です。Today is the 9th.,,,долооны өдөр, долоон өдөр,,
ここのつ,долоон ширхэг,,nine
ふくろの なかに りんごが 九つ あります。There are nine apples in the bag.,,долоон ширхэг,
ごしゅじん,нөхөр,,(someone's) husband
ごしゅじんは いま どこに いますか。Where is your husband now?,,нөхөр,
ごぜん,үдээс өмнө,,a.m.
いま 午前 11じです。It's 11am now.,,үдээс өмнө,
こたえ,хариулт,,answer
ここに こたえを かいてください。Please write your answer here.,,хариулт,
こたえかた,хариулах арга/хэлбэр,,how to answer
こたえかたが わかりません。I don't know how to answer.,,хариулах арга/хэлбэр,
こたえます,хариулах,,answer
もんだいに こたえてください。Please answer the question.,,хариулах,
こちら,энд,,this side, this place, this one
こちらは どなたですか。Who is this?,,энд,
コップ,аяга,,glass, drinking cup
テーブルの うえに コップが たくさん あります。There are many cups on the table.,,аяга,
ことし,энэ жил,,this year
今年は くにに かえりません。I will not return to the country this year.,,энэ жил,
ことば,үг,,word, language, phrase
たくさん ことばを おぼえました。I learned a lot of words.,,үг,
こども,хүүхэд,,child
わたしは 子どもが 3にん います。I have 3 children.,,хүүхэд,
この～,энэ～,,this ...
このカメラは とても かるいです。This camera is very light.,,энэ～,
ごはん,,хоол, будаа,,,rice, meal
あさ 8じに ごはんを たべました。I ate at 8 am.,,,хоол, будаа,,
コピー,хуулбар,,copy
コピーをもらってもいいですか。May I get a copy?,,хуулбар,
コピーします,хуулбарлах,,make a copy
5ページから10ページまで コピーしてください。Please copy pages 5 to 10.,,хуулбарлах,
こまります,,яахаа мэдэхээ болих, асуудалд орох,,,be in trouble
スマホを わすれましたから、こまりました。I was in trouble because I forgot my smartphone.,,,яахаа мэдэхээ болих, асуудалд орох,,
これ,энэ,,this (one)
これを ２つと、それを ３つ ください。Please give me two of these and three of them.,,энэ,
こんげつ,энэ сар,,this month
今月は とても いそがしいです。This month is very busy.,,энэ сар,
こんしゅう,энэ долоо хоног,,this week
今週は あまり いそがしくないです。I'm not very busy this week.,,энэ долоо хоног,
こんな,ийм,,this sort of, like this [na-adj.]
こんな りょうりが すきです。I like this kind of food.,,ийм,
こんばん,энэ орой,,tonight
こんばん 9じに うちに かえります。 I'll be back home tonight at 9 o'clock.,,энэ орой,
さいご,,сүүлд, хамгийн сүүлд,,,end, last time
レッスンの さいごに しゅくだいを あげます。I will give you homework at the end of the lesson.,,,сүүлд, хамгийн сүүлд,,
さかな,загас,,fish
にくより 魚のりょうりが すきです。I like fish dishes better than meat.,,загас,
さき,сая,,former, earlier
お先に どうぞ。After you.,,сая,
さきます,,дэлгэрэх, цэцэглэх,,,bloom
はるには いろいろなはながさきます。Various flowers bloom in spring.,,,дэлгэрэх, цэцэглэх,,
さくぶん,,зохион бичлэг, эх бичих,,,composition
さくぶんは いい れんしゅうです。Writing is a good practice.,,,зохион бичлэг, эх бичих,,
さします,さします,,put up (umbrella)
あめでしたが、かさをさしませんでした。It was raining, but I didn't hold my umbrella.,,さします,
サッカー,хөл бөмбөг,,soccer, football
あしたは サッカーの しあいが あります。Tomorrow there is a soccer game.,,хөл бөмбөг,
ざっし,сэтгүүл,,magazine
このざっしの しゃしんは きれいです。The photos in this magazine are beautiful.,,сэтгүүл,
さとう,элсэн чихэр,,sugar
コーヒーに さとうを いれますか。Would you like to add sugar to your coffee?,,элсэн чихэр,
さむい,хүйтэн,,cold (weather) [i-adj.]
きょうは きのうより さむいです。It's colder today than yesterday.,,хүйтэн,
さらいねん,2жилийн дараа,,the year after next
たぶん さらいねん にほに いきます。Maybe I will go to Japan the year after next.,,2жилийн дараа,
さん,さん,,three
でんちを さんこ いれます。Insert three batteries.,,さん,
さんぽ,алхалт,,walk
ちちと ははは さんぽが すきです。My father and mother like walking.,,алхалт,
さんぽ(を)します,алхах,,take a walk
けさ ははと さんぽをしました。I took a walk with my mother this morning.,,алхах,
し,し,,four = よん。
いち、に、さん、四、ご… one, two, three, four, five ...,,し,
しお,давс,,salt
しおを すこし いれてください。Please add a little salt.,,давс,
しかし,гэвч,,but, however (formal, written language)
べんきょうしました。しかし、わすれました。I studied. But I forgot.,,гэвч,
じかん,цаг,,time
あしたは 時間が あります。I have time tomorrow.,,цаг,
しごと,ажил,,work
どんな しごとを していますか。What kind of work do you do?,,ажил,
じしょ,толь бичиг,,dictionary
じしょで しらべました。I looked it up in the dictionary.,,толь бичиг,
しずか,чимээгүй,,quiet [na-adj.]
このカフェは しずかです。This cafe is quiet.,,чимээгүй,
した,,доор, доошоо,,,under, below
テーブルの 下に コンセントが あります。There is an outlet under the table.,,,доор, доошоо,,
しつもん,асуулт,,question
しつもんが あります。I have a question.,,асуулт,
じてんしゃ,дугуй,,bicycle
じてんしゃで がっこうに いきます。I go to school by bicycle.,,дугуй,
じどうしゃ,авто машин,,car
じどうしゃが 5だい あります。There are 5 cars.,,авто машин,
しにます,үхэх,,die
ペットが しにました。The pet has died.,,үхэх,
じびき,толь бичиг,,dictionary = じしょ
じしょと じびきは おなじです。,,Jisho,, and ,,Jibiki,, are the same.,,толь бичиг,
じぶん,өөрөө,,oneself
じぶんで つくりました。I made it myself.,,өөрөө,
します,хийх,,do
あしたは なにを しますか。What are you going to do tomorrow?,,хийх,
しまります,хаагдах,,close (intransitive verb)
ドアが しまります。The door closes.,,хаагдах,
しめます,хаах,,close (transitive verb)
わたしは ドアを しめます。I close the door.,,хаах,
しゃしん,зураг,,photograph, photo, picture
いっしょに しゃしんを とりましょう。Let's take a picture together.,,зураг,
シャツ,цамц,,shirt
しろい シャツを かいました。I bought a white shirt.,,цамц,
シャワー,шүршүүр,,shower
まいあさ シャワーを あびます。I take a shower every morning.,,шүршүүр,
しゅう,долоо хоног,,week
この週とこの週はとうきょうに います。This week and this week I'm in Tokyo.,,долоо хоног,
じゅう,арав,,ten
おとこの ひとが 十にん います。There are ten men.,,арав,
ジュース,жүүс,,juice
オレンジジュースをください。Please give me orange juice.,,жүүс,
じゅぎょう,хичээл,,class, lesson
きょうは にほんごの じゅぎょうが あります。I have a Japanese class today.,,хичээл,
しゅくだい,даалгавар,,homework
しゅくだいが たくさん あります。I have a lot of homework.,,даалгавар,
じょうず,,сайн, чадварлаг,,,good, skillful [na-adj.]
かのじょは にほんごが じょうずです。She is good at Japanese.,,,сайн, чадварлаг,,
じょうずに,чадварлагаар,,well [adv.]
とても 上手に できましたね。You did it very well.,,чадварлагаар,
じょうぶ,,эрүүл, хүчтэй, бат бөх,,,healthy, strong, firm, durable [na-adj.]
このスーツケースはじょうぶです。 This suitcase is durable.,,,эрүүл, хүчтэй, бат бөх,,
しょうゆ,шар буурцгийн цуу,,soy sauce
しょうゆを すこし いれます。Add a little soy sauce.,,шар буурцгийн цуу,
しょくどう,хоолны өрөө,,dining room
10かいに しょくどうが あります。There is a dining room on the 10th floor.,,хоолны өрөө,
しります,мэдэх,,know
「はい、知っています」「いいえ、知りません」,,Yes, I know,, ,,No, I don't know,,,,мэдэх,
しろい,цагаан өнгө,,white [i-adj.]
白い はなを かいました。I bought a white flower.,,цагаан өнгө,
しんぶん,сонин,,newspaper
うちで 新聞を よみます。I read the newspaper at home.,,сонин,
すい,ус,,Wednesday = すいようび。
げつと水は やすみです。 Monday and Wednesday are closed.,,ус,
すいます,,амьсгалах, тамхилах,,,breath in, smoke
たばこを すいますか。Do you smoke?,,,амьсгалах, тамхилах,,
すいようび,лхагва гараг,,Wednesday
水よう日は うちで しごとを します。I work at home on Wednesday.,,лхагва гараг,
スカート,юбка,,skirt
ときどき スカートを はきます。I wear a skirt sometimes.,,юбка,
すき,дуртай,,like [na-adj.]
わたしは べんきょうが すきです。I like studying.,,дуртай,
すくない,бага,,few
きょうは しゅくだいが すくないです。I have less homework today.,,бага,
すぐに,шууд,,soon, right away
すぐに おわります。It will end soon.,,шууд,
すこし,жоохон,,a little
少し じかんを ください。Please give me some time.,,жоохон,
すし,суши,,sushi
きのう すしを たべました。I ate sushi yesterday.,,суши,
すしや,сушины газар,,sushi restaurant
きのうは すしやに いきました。Yesterday I went to a sushi restaurant.,,сушины газар,
すずしい,сэрүүхэн,,cool (weather) [i-adj.]
きょうは きのうより すずしいです。Today is cooler than yesterday.,,сэрүүхэн,
ストーブ,,зуух, халаагуур,,,stove, heater
これは ふるい ストーブです。This is an old stove.,,,зуух, халаагуур,,
スプーン,халбага,,spoon
スプーンで カレーを たべます。Eat curry with a spoon.,,халбага,
スポーツ,спорт,,sports
なにか スポーツを していますか。Do you play any sports?,,спорт,
ズボン,өмд,,trousers, pants
ズボンを はきます。I wear pants.,,өмд,
すみます,амьдрах,,live, inhabit
めぐろに 住んでいます。I live in Meguro.,,амьдрах,
スリッパ,таавчиг,,slippers
ここで スリッパを はきます。I will put on my slippers here.,,таавчиг,
すわります,суух,,sit down
どうぞ ここに すわって ください。Please have a seat here.,,суух,
せ,өндөр,,height
あのひとは とても せが たかいです。That person is very tall.,,өндөр,
せいと,оюутан,,student
わたしは MLCの せいとです。I am a MLC student.,,оюутан,
セーター,хоолойтой цамц,,sweater
このセーターは とても あたたかいです。This sweater is very warm.,,хоолойтой цамц,
せっけん,хатуу саван,,soap
せっけんで よく てを あらいましょう。Wash your hands thoroughly with soap.,,хатуу саван,
せびろ,,хүрэм, хослол,,,jacket, suit
あのひとは いつも せびろを きています。That person is always in a suit.,,,хүрэм, хослол,,
せまい,,нарийн, давчуу,,,narrow, not spacious [i-adj.]
わたしの へやは せまいです。My room is small.,,,нарийн, давчуу,,
ゼロ,тэг /0/,,zero
これは カロリーゼロです。This is zero calories.,,тэг /0/,
せん,мянга,,thousand
これは 千えんです。This is a thousand yen.,,мянга,
せんげつ,өнгөрсөн сар,,last month
先月 ハワイに いきました。I went to Hawaii last month.,,өнгөрсөн сар,
せんしゅう,өнгөрсөн долоо хоног,,last week
先週の きんようびに びょういんに いきました。I went to the hospital last Friday.,,өнгөрсөн долоо хоног,
せんせい,багш,,teacher
こちらは わたしの 先生です。This is my teacher.,,багш,
せんたく,угаалга,,washing, laundry
まいにち せんたくを します。I will do the laundry every day.,,угаалга,
ぜんぶ,бүгд,,all
しゅくだいは ぜんぶ おわりました。I've done all my homework.,,бүгд,
そうじ,цэвэрлэгээ,,cleaning
わたしは そうじが すきです。I like cleaning.,,цэвэрлэгээ,
そうじします,цэвэрлэгээ хийх,,clean
これから このへやを そうじします。I'm going to clean this room.,,цэвэрлэгээ хийх,
そこ,тэнд,,there
かぎは そこに あります。 The key is there.,,тэнд,
そして,тэгээд,,and, then
ともだちに あいました。そして、すしやにいきました。I met my friend. Then I went to a sushi restaurant.,,тэгээд,
そちら,тэнд /*хүндэтгэлийн хэлбэр/,,there, your place
あした そちらに いきます。I will go there tomorrow.,,тэнд /*хүндэтгэлийн хэлбэр/,
そと,,гадна, гадаа,,,outside
外は すごい あめです。It's raining a lot outside.,,,гадна, гадаа,,
その～,тэр～,,that ...
そのひとは とても しんせつでした。The person was very kind.,,тэр～,
そば,ойролцоо,,nearby
オフィスの そばの みせで かいました。I bought it at a store near my office.,,ойролцоо,
そら,тэнгэр,,sky
きょうは 空が とても きれいですね。The sky is very beautiful today.,,тэнгэр,
それ,тэр,,that (one)
それは なんですか。 What is it?,,тэр,
それから,,тэрнээс, тэгээд,,,and then, after that
これをください。それから、これもください。 This one, please. Also, this one, please.,,,тэрнээс, тэгээд,,
それでは,тэгвэл,,then, well
それでは つぎの ページに いきましょう。Now let's go to the next page.,,тэгвэл,
,,,,
だいがく,их сургууль,,university
大学で にほんごを べんきょうしました。I studied Japanese at university.,,их сургууль,
たいしかん,элчин сайдын яам,,embassy
これから たいしかんに いきます。I will go to the embassy from now on.,,элчин сайдын яам,
だいじょうぶ,зүгээр,,okay, no problem [na-adj.]
だいじょうぶですか。Are you okay?,,зүгээр,
だいすき,их дуртай,,be very fond of, like very much [na-adj.]
チーズケーキが だいすきです。I love cheesecake.,,их дуртай,
たいせつ,чухал,,important [na-adj.]
これは とても たいせつです。This is very important.,,чухал,
だいたい,бараг,,almost
だいたい おなじ いみです。It has almost the same meaning.,,бараг,
たいてい,ихэвчлэн,,mostly, usually
あさごはんは たいてい パンと コーヒーです。Breakfast is usually bread and coffee.,,ихэвчлэн,
だいどころ,гал тогоо,,kitchen
かないと むすめは だいどころに います。My wife and daughter are in the kitchen.,,гал тогоо,
たいへん,,маш, маш их,,,very [adv.] (formal)
きのうは たいへん いそがしかったです。It was very busy yesterday.,,,маш, маш их,,
たいへん,хэцүү,,serious, hard, difficult [na-adj.]
かんじの べんきょうは たいへんです。Studying kanji is hard.,,хэцүү,
たかい,үнэтэй,,expensive [i-adj.]
このカメラは 高いです。This camera is expensive.,,үнэтэй,
たかい,өндөр,,tall, high [i-adj.]
あのビルは とても 高いです。That building is very tall.,,өндөр,
だから,учраас,,so, therefore
あしたは あめです。だから、うちにいます。It will rain tomorrow. So I will stay home.,,учраас,
たくさん,их,,many, much
きょうは たくさん しゅくだいが あります。I have a lot of homework today.,,их,
タクシー,такси,,taxi
タクシーで 行きましょう。Let's go by taxi.,,такси,
だします,гаргаж тавих,,take out
バッグの なかから スマホを 出します。Take your smartphone out of the bag.,,гаргаж тавих,
ただしい,зөв,,correct [i-adj.]
ただしいぶんは どれですか。Which is the correct sentence?,,зөв,
たちます,,босох, зогсох,,,stand up
ここに 立ってください。Please stand here.,,,босох, зогсох,,
たてもの,барилга,,building
たかい たてものが たくさん あります。There are many tall buildings.,,барилга,
たのしい,хөгжилтэй,,enjoyable, pleasant [i-adj.]
きのうの パーティーは とても たのしかったです。Yesterday's party was a lot of fun.,,хөгжилтэй,
たのみます,,асуух, хүсэх,,,ask, request
たなかさんに このしごとを たのみます。I will ask Mr. Tanaka for this job.,,,асуух, хүсэх,,
たばこ,тамхи,,cigarette, tobacco
わたしは たばこを すいません。I don't smoke.,,тамхи,
たぶん,магадгүй,,probably, perhaps
たぶん あしたは じかんが あります。Maybe I have time tomorrow.,,магадгүй,
たべもの,идэх юм,,food
コンビニで 食べものとのみものをかいました。I bought food and drinks at a convenience store.,,идэх юм,
たべます,идэх,,eat
よく おすしを 食べます。I often eat sushi.,,идэх,
たまご,өндөг,,egg
たまごを 10こ かいました。I bought 10 eggs.,,өндөг,
だれ,хэн?,,who
あのひとは だれですか。Who is that person.,,хэн?,
たんじょうび,төрсөн өдөр,,birthday
たんじょうびは いつですか。When is your birthday.,,төрсөн өдөр,
だんだん,,бага багаар, аажмаар,,,gradually, little by little
だんだん あたたかくなりました。It's getting warmer and warmer.,,,бага багаар, аажмаар,,
ちいさい,жижиг [т.н],,small
小さい さかなが います。There is a small fish.,,жижиг [т.н],
ちいさな+[noun],жижиг+[н.ү],,small 小さな+[noun]
小さな さかなが います。There is a small fish.,,жижиг+[н.ү],
ちかい,ойрхон,,near, close [i-adj.]
わたしの うちは えきから 近いです。My house is close to the station.,,ойрхон,
ちがいます,,буруу, алдах,,,be different, differ
N5とN4は レベルが ちがいます。N5 and N4 have different levels.,,,буруу, алдах,,
ちかく,ойрхон,,neighborhood [noun]
近くの レストランで ばんごはんを たべました。I had dinner at a nearby restaurant,,ойрхон,
ちかてつ,метро,,subway
ちかてつは とても べんりです。The subway is very convenient.,,метро,
ちず,газрын зураг,,map
ちずを みて チェックしましょう。Let's check by looking at the map.,,газрын зураг,
ちち,аав,,(my) father
父は エンジニアです。My father is an engineer.,,аав,
ちゃいろ,бор өнгө,,brown
わたしの さいふは ちゃいろです。My wallet is brown.,,бор өнгө,
ちゃわん,аяга /будааны/,,(rice) bowl
きれいな ちゃわんと おはしを かいました。I bought a beautiful bowl and chopsticks.,,аяга /будааны/,
ちょうど,яг,,just
いま 3じ ちょうどです。It's just 3 o'clock now.,,яг,
ちょっと,,бага зэрэг, ялимгүй,,,a little
すみません。ここでちょっと まってください。Excuse me. Please wait a moment here.,,,бага зэрэг, ялимгүй,,
ついたち,нэгний өдөр,,the first day of the month
たんじょうびは ３がつ ついたちです。Birthday is March 1st.,,нэгний өдөр,
つかいます,ашиглах,,use
しごとで まいにち にほんごを つかいます。I use Japanese every day at work.,,ашиглах,
つかれます,ядах,,get tired
きょうは とても つかれました。I'm very tired today.,,ядах,
つぎ,дараагийн,,next
つぎの かどを みぎに まがってください。Turn right at the next corner.,,дараагийн,
つきます,,ирэх, очих,,,arrive
3じはんに なりたくうこうに つきます。I will arrive at Narita Airport at 3:30.,,,ирэх, очих,,
つくえ,ширээ,,desk
つくえの うえに ほんが たくさん あります。There are many books on the desk.,,ширээ,
つくりかた,хийх арга,,how to make
このりょうりの つくりかたを しりたいです。I want to know how to make this dish.,,хийх арга,
つくります,,хийх, бүтээх,,,make
あたらしいアプリをつくりました。I made a new app.,,,хийх, бүтээх,,
つけます,наах,,turn on
このリモコンで エアコンを つけます。Turn on the air conditioner with this remote control.,,наах,
つとめます,ажиллах,,work for
ちいさい ITの かいしゃに つとめています。I work for a small IT company.,,ажиллах,
つまらない,,сонирхолгүй, уйтгартай,,,uninteresting, boring [i-adj.]
このえいがは つまらないです。This movie is boring.,,,сонирхолгүй, уйтгартай,,
つめたい,хүйтэн,,cold (object) [i-adj.]
つめたいのみのもはいかがですか。How about a cold drink?,,хүйтэн,
つよい,хүчтэй,,strong [i-adj.]
きょうは とても かぜが つよいです。It's very windy today.,,хүчтэй,
て,て,,hand
手を みせてください。Please show me your hand.,,て,
ティッシュペーパー,салфетка,,tissue
ティッシュペーパーをいちまい ください。Please give me a piece of tissue paper.,,салфетка,
テープ,скоч,,tape
ここに テープを はってください。Please stick the tape here.,,скоч,
テープレコーダー,テープレコーダー,,tape recorder
テープレコーダーはいまは ありません。There is no tape recorder now.,,テープレコーダー,
テーブル,ширээ,,table
このテーブルを つかってもいいですか。Can I use this table?,,ширээ,
でかけます,でかけます,,go out
きのうは どこにも でかけませんでした。I didn't go anywhere yesterday.,,でかけます,
てがみ,захидал,,letter
よくメールは しますが、手紙はかきません。I often email, but I don't write letters.,,захидал,
できます,,чадах, болох,,,can
わたしは ちゅうごくごと かんこくごも できます。I can also speak Chinese and Korean.,,,чадах, болох,,
でぐち,гарах хаалга,,exit
出口は あちらのドアです。The exit is that door.,,гарах хаалга,
テスト,тест,,test
あしたは かんじのテストがあります。Tomorrow I have a kanji test.,,тест,
では,тэгвэл,,then, well then = じゃ。
では、きょうの レッスンを おわりましょう。So let's finish today's lesson.,,тэгвэл,
デパート,хэлтэс,,department store
デパートに かいものに いきました。I went shopping at a department store.,,хэлтэс,
でます,гарах,,leave
あしたは あさ 7じに うちを 出ます。I will leave home at 7 am tomorrow.,,гарах,
でも,гэвч,,but
にちようびです。でも、うちでしごとを します。It's Sunday. But I do work at home.,,гэвч,
テレビ,зурагт,,TV
テレビで そのニュースを みました。I saw the news on TV.,,зурагт,
てんき,цаг агаар,,weather
きょうは とても いい天気ですね。It's a very nice weather today.,,цаг агаар,
でんき,,тог, цахилгаа,,,electricity
電気を つけても いいですか。Can I turn on the light?,,,тог, цахилгаа,,
でんしゃ,метро,,train
電車は すこし こんでいました。The train was a little crowded.,,метро,
でんわ,утас,,telephone
きのう ははから 電話が ありました。I got a call from my mother yesterday.,,утас,
でんわします,,залгах, утсаар ярих,,,call, ring
たまに かぞくに 電話します。I call my family once in a while.,,,залгах, утсаар ярих,,
でんわばんごう,утасны дугаар,,telephone number
ここに 電話ばんごうをかいてください。Please write your phone number here.,,утасны дугаар,
と,と,,door
とが あいています。The door is open.,,と,
ど,ど,,Saturday = どようび。
5がつ16にち（ど）に にほんに いきます。I will go to Japan on Saturday, May 16th.,,ど,
ドア,хаалга,,door
みぎがわのドアがあきます。The door on the right opens.,,хаалга,
トイレ,бие засах өрөө,,toilet, lavatory
トイレを かりても いいですか。Can I use the toilet?,,бие засах өрөө,
トイレットペーパー,00 цаас,,toilet paper
トイレットペーパーがありません！There is no toilet paper!,,00 цаас,
どう,どう,,how
きのうの テストは どうでしたか。How was your test yesterday?,,どう,
とうきょう,Токио,,Tokyo
とうきょうは おもしろい ところですね。Tokyo is an interesting place, isn't it?,,Токио,
どうして,яагаад,,why
どうして きのう やすみましたか。Why did you take a day off yesterday?,,яагаад,
とうふ,дүпү,,tofu
とうふ を たべたことが ありますか。Have you ever eaten tofu?,,дүпү,
どうぶつ,амьтан,,animal
どうぶつえんに いろいろな どうぶつが います。There are various animals in the zoo.,,амьтан,
とお,とお,,ten
ひとつ、ふたつ、みっつ、よっつ、いつつ、むっつ、ななつ、やっつ、ここのつ、十。One, two, three, four, five, six, seven, eight, nine, ten.,,とお,
とおい,хол,,far [i-adj.]
えきは ここから すこし とおいです。The station is a little far from here.,,хол,
とおく,とおく,,distantly, far [noun]
りょうしんは とおくに すんでいます。My parents live far away.,,とおく,
とおか,,10 өдөр, аравны өдөр,,,the tenth day of the month, ten days
きょうは 十日です。Today is the 10th.,,,10 өдөр, аравны өдөр,,
ときどき,үе үе,,sometimes
ときどき じぶんで りょうりを つくります。Sometimes I cook myself.,,үе үе,
とけい,цаг,,clock, watch
ともだちに かわいい とけいを プレゼントしました。I gave my friend a cute clock as a gift.,,цаг,
どこ,хаана,,where
おてあらいは どこですか。Where is the restroom?,,хаана,
どこか,хаа нэгтээ,,somewhere
どこかで ランチを たべませんか。Would you like to have lunch somewhere?,,хаа нэгтээ,
ところ,газар,,place
どんな ところに すみたいですか。What kind of place do you want to live in?,,газар,
としょかん,номын сан,,library
わたしは ほとんど としょかんに いきません。I rarely go to the library.,,номын сан,
どちら,аль /хүндэтгэлийн хэлбэр/,,「どっち which」「どこ where」「どれ which one」のpolite
コーヒーとこうちゃ、どちがいいですか。Which would you like, coffee or tea?
どちらからですか。Where are you from?
どちらが いいですか。Which one would you like to choose?,,аль /хүндэтгэлийн хэлбэр/,
とても,,маш, үнэхээр,,,very
きょうは とても たのしかったです。I had a lot of fun today.,,,маш, үнэхээр,,
どなた,хэн /хүндэтгэлийн хэлбэр/,,だれ。who のpolite
この しゃしんの ひとは どなた ですか。Who is the person in this photo?,,хэн /хүндэтгэлийн хэлбэр/,
となり,дэргэд,,next to
となりに すわってもいいですか。Can I sit next to you?,,дэргэд,
どの～,,ямар,аль～,,,which ...
どのアプリを いちばん よく つかいますか。Which app do you use the most?,,,ямар,аль～,,
とびます,нисэх,,fly
とりが たくさん とんでいます。A lot of birds are flying.,,нисэх,
とまります,зогсох,,stop
このでんしゃは しぶやえきに とまりますか。Does this train stop at Shibuya Station?,,зогсох,
ともだち,найз,,friend
きのうは 友だちと オンラインで はなしました。I talked online with my friends yesterday.,,найз,
どようび,хагассайн,,Saturday
こんしゅうの 土よう日はやすみです。This Saturday is closed.,,хагассайн,
とり,шувуу,,bird
きの うえに ちいさいとりが たくさん います。There are many small birds on the tree.,,шувуу,
とりにく,тахианы мах,,chicken
とりにくを よく たべます。I often eat chicken.,,тахианы мах,
とります,авах,,take
すみません。こしょうをとってください。Excuse me. Could you pass the pepper?,,авах,
とります,зураг авах,,take (photographs)
きょうとで たくさん きれいな しゃしんを とりました。I took a lot of beautiful pictures in Kyoto.,,зураг авах,
どれ,аль,,which one
おすすめは どれですか。Which is your recommendation?,,аль,
どんな,ямар,,what kind of ...
どんな ものを たべたいですか。What kind of food do you want to eat?,,ямар,
,,,,
ナイフ,хутга,,knife
フォークと ナイフで ステーキを たべます。I eat steak with a fork and knife.,,хутга,
なか,дотор,,inside
ポケットの 中に ティッシュが あります。There is tissue in my pocket.,,дотор,
ながい,урт,,long [i-adj.]
このえいがは とても 長いです。This movie is very long.,,урт,
なきます,уйлах,,sing, mew, moo, etc.
たくさんの とりが ないています。Many birds are singing.,,уйлах,
なつ,зун,,summer
いちねんの なかで なつが いちばん すきです。I like summer the best of the year.,,зун,
など,,гэх мэт, гэх зэрэг,,,and so on, etc.
バッグの なかに スマホや サイフなどが あります。There are smartphones, wallets and other things in the bag.,,,гэх мэт, гэх зэрэг,,
ななつ,7 ширхэг,,seven
このドーナツを 七つ ください。7 of these donuts, please.,,7 ширхэг,
なに,юу,,what
しゅうまつは 何を しましたか。What did you do on the weekend?,,юу,
なにか,ямар нэг юм,,something
何か つめたい のみものは いかがですか。How about some cold drink?,,ямар нэг юм,
なのか,долооны өдөр /сарын/,,the seventh day of the month
きょうは 七日です。Today is the 7th.,,долооны өдөр /сарын/,
なまえ,нэр,,name
こちらに 名前と じゅうしょを かいてください。Please write your name and address here.,,нэр,
ならいます,сурах,,learn (from somebody)
ははに りょうりを ならいました。I learned cooking from my mother.,,сурах,
ならびます,,оочирлох, жагсах, эгнэх /хэн нэгэн/,,,(someone) line up
みせの そとで 30ぷん ならびました。I lined up outside the store for 30 minutes.,,,оочирлох, жагсах, эгнэх /хэн нэгэн/,,
ならべます,жагсаах /юм/,,line up (something)
テーブルの うえに おさらを ５まい ならべます。I line up five dishes on the table.,,жагсаах /юм/,
なります,болох,,become
こどもは らいげつ 5さいに なります。My child will be 5 years old next month.,,болох,
なん,юу?,,what
このスイッチは 何ですか。What is this switch?,,юу?,
なんじ,хэдэн цаг?,,what time
あしたは 何時にどこであいましょうか。What time and where will we meet tomorrow?,,хэдэн цаг?,
なんにち,хэдний өдөр?,,which day of the month
きょうは 何日ですか。What day is it today?,,хэдний өдөр?,
に,хоёр,,two
三、二、一 スタート！ Three, two, one start!,,хоёр,
にぎやか,хөл хөдөлгөөнтэй,,lively [na-adj.]
ここは にぎやなかな レストランですね。This is a lively restaurant, isn't it?,,хөл хөдөлгөөнтэй,
にく,мах,,meat
さかなと にく、どちらがいいですか。Which do you prefer, fish or meat?,,мах,
にし,баруун зүг,,west
西は こっちです。West is this direction.,,баруун зүг,
にち,өдөр,,Sunday = にちようび。
たんじょうびは 5がつ 17にちです。My birthday is May 17th.,,өдөр,
にちようび,ням гараг,,Sunday
こんどの 日よう日の おひるごろに あいましょうか。Shall we meet next Sunday around noon?,,ням гараг,
にねん,хоёр жил,,two years
わたしは にほんに きて もう 二年です。I have been in Japan for two years now.,,хоёр жил,
にほん,Япон,,Japan
１ねんまえから 日本で しごとを しています。I have been working in Japan for a year.,,Япон,
にほんご,Япон хэл,,Japanese language
はんとしまえから日本語を べんきょうしています。I have been studying Japanese for half a year.,,Япон хэл,
にもつ,ачаа,,baggage
ここに にもつを おいても いいですか。Can I put my luggage here?,,ачаа,
ニュース,мэдээ,,news
よく インターネットで ニュースを みます。I often watch the news on the internet.,,мэдээ,
にわ,цэцэрлэг,,garden
にわに いぬが 2ひき います。There are two dogs in the yard.,,цэцэрлэг,
ぬぎます,тайлах,,take off
いつも ここで くつを ぬぎます。I always take off my shoes here.,,тайлах,
ぬります,будах,,paint
テーブルを しろく ぬります。I paint the table white.,,будах,
ネクタイ,зангиа,,necktie
わたしは ネクタイが 30ぽんぐらい あります。I have about 30 ties.,,зангиа,
ねます,унтах,,go to bed, sleep
いつも 12じごろに ねます。I always go to bed around 12 o'clock.,,унтах,
ノート,дэвтэр,,notebook
じぶんの ノートに かいてください。Write it in your notebook.,,дэвтэр,
のぼります,авирах,,go up, climb
なつに ともだちと ふじさんにのぼります。I will climb Mt. Fuji with my friends this summer.,,авирах,
のみます,уух,,drink
まいにち コーヒーを ３ばいぐらい 飲みます。I drink about 3 cups of coffee every day.,,уух,
のみもの,ундаа,,drinks
飲みものは なにが いいですか。What do you like for a drink?,,ундаа,
のります,,суух /унаанд/, мордох,,,get on, ride, take
うちの ちかくから えきまで バスに のります。I take a bus from near my house to the station.,,,суух /унаанд/, мордох,,
,,,,
は,は,,teeth
きょうは すこし はが いたいです。I have a slight toothache today.,,は,
パーティー,үдэшлэг,,party
こんばん ともだちのうちで パーティーが あります。I have a party at my friend's house tonight.,,үдэшлэг,
はいざら,үнсний сав,,ashtray
すみません。はいざらがありますか。Excuse me. Do you have an ashtray?,,үнсний сав,
はいります,орох,,enter
いつも このいりぐちから なかに 入ります。I always enter through this entrance.,,орох,
はがき,ил захидал,,postcard
ゆびんきょくで はがきを 10まい かいました。I bought 10 postcards at the post office.,,ил захидал,
はきます,,углах, өмсөх /гутал/,,,put on
いつも ここで くつを はきます。I always put on shoes here.,,,углах, өмсөх /гутал/,,
はこ,хайрцаг,,box
はこの なかに くるまの かぎが あります。There is a car key in the box.,,хайрцаг,
はし/おはし,савх,,chopsticks
おはしで おすしを たべます。I eat sushi with chopsticks.,,савх,
はし,гүүр,,bridge
あの おおきい はしを あるいて わたります。I walk across a large bridge.,,гүүр,
はじまります,эхлэх,,begin, start
らいしゅうから にほんごのレッスンがはじまります。Japanese lessons will start next week.,,эхлэх,
はじめに,эхэнд,,at the beginning
はじめに ひらがなと カタカナを べんきょうしました。First, I studied hiragana and katakana.,,эхэнд,
はじめて,эхлээд,,for the first time
きょねん はじめて ふじさんをみました。I saw Mt. Fuji for the first time last year.,,эхлээд,
バス,автобус,,bus
うちから がっこうまでバスで 20ぷんです。20 minutes by bus from my house to school.,,автобус,
バスがいしゃ,автобус компани,,bus agency, bus company
いもうとは バス会社に つとめています。My sister works for a bus company.,,автобус компани,
バスてい,төрсөн өдөр,,bus stop
このちかくに バスていが ありますか。Is there a bus stop near here?,,төрсөн өдөр,
バスりょこう,автобустай аялал,,bus tour, bus trip
わたしの ちちと ははは バスりょこうが すきです。My dad and mom love bus trips.,,автобустай аялал,
バター,масло,,butter
パンに バターを ぬります。I spread butter on bread.,,масло,
はたち,20 нас,,twenty years old
おとうとは らいげつ はたちに なります。My brother will be 20 next month.,,20 нас,
はたらきます,ажиллах,,work
こんしゅうは しゅうまつも はたらきます。This week I also work on weekends.,,ажиллах,
はち,найм,,eight
八人で りょこうに いきました。I went on a trip with 8 people.,,найм,
はつか,,хорин өдөр, 20ны өдөр,,,the twentieth day of the month, twenty days
きょうは 二十日です。Today is the 20th.,,,хорин өдөр, 20ны өдөр,,
はな,хамар,,nose
わたしは はなが ひくいです。I have a low nose.,,хамар,
はな,цэцэг,,flower
きれいな 花を たくさん かいました。I bought a lot of beautiful flowers.,,цэцэг,
はなし,яриа,,story
せんせいから おもしろい話を ききました。I heard an interesting story from the teacher.,,яриа,
はなします,ярих,,speak, talk, tell
よく ともだちと にほんごを 話します。I often speak Japanese with my friends.,,ярих,
はは,ээж,,(my) mother
ときどき 母に メールします。I email my mother sometimes.,,ээж,
はやい,эрт,,early [i-adj.]
あさ 4じはんは はやいです。4:30 in the morning is early.,,эрт,
はやい,хурдан,,quick, fast [i-adj.]
このコンピュータははやいです。This computer is fast.,,хурдан,
はる,хавар,,spring
はなが すきですから、はるがすきです。I like spring because I like flowers.,,хавар,
はります,наах,,stick, put something on
ふうとうに きってを はります。I put a stamp on the envelope.,,наах,
はれ,цэлмэг,,fair weather
あしたは たぶん はれです。It will probably be sunny tomorrow.,,цэлмэг,
はれます,цэлмэх,,clear up
ごごは たぶん はれます。It will probably be sunny in the afternoon.,,цэлмэх,
ばん,,орой, үдэш,,,evening, night
あしたのばん ともだちに あいます。I'll see my friends tomorrow night.,,,орой, үдэш,,
パン,талх,,bread
あさは ふつう パンを たべます。I usually eat bread in the morning.,,талх,
ハンカチ,нусны алчуур,,handkerchief
ポケットの なかに ハンカチが あります。There is a handkerchief in my pocket.,,нусны алчуур,
ばんごう,,тоо, дугаар,,,number
でんわばんごうはなんばんですか。What is your phone number?,,,тоо, дугаар,,
ばんごはん,оройн хоол,,dinner
こんばんは うちで ばんごはんを たべます。I'll have dinner at home tonight.,,оройн хоол,
はんぶん,,тал хэсэг, хагас,,,half
きのうのよる 半分だけ しゅくだいを しました。I did my homework only half last night.,,,тал хэсэг, хагас,,
パンや,талхны сухлаг,,bakery
えきの なかに おいしい パンやが あります。There is a delicious bakery inside the station.,,талхны сухлаг,
ひ,,өдөр, нар,,,day
きょうは とても いい日でした。Today was a very good day.,,,өдөр, нар,,
ひがし,зүүн зүг,,east
東は あっちです。East is that direction.,,зүүн зүг,
ひきます,татах,,pull
おかねを いれて、レバーをひきます。Put some money and pull the lever.,,татах,
ひきます,тоглох /хөгжим/,,play (music instrument)
ときどき ギターを ひきます。I play the guitar sometimes.,,тоглох /хөгжим/,
ひくい,намхан,,low [i-adj.]
いもうとは せが ひくいです。My sister is short.,,намхан,
ひこうき,онгоц,,airplane
ひこうきの よやくを しました。I made a reservation for an airplane.,,онгоц,
ひだり,зүүн тал,,left
つぎの しんごうを 左に まがってください。Turn left at the next traffic light.,,зүүн тал,
ひと,хүн,,human, person
こうえんに 人が たくさん います。There are many people in the park.,,хүн,
ひとつ,нэг ширхэг,,one
すみません。これを一つ ください。Excuse me. Please give me this one.,,нэг ширхэг,
ひとつき,нэг сар,,one month = いっかげつ。
にほんに きて 一月です。It's been a month since I came to Japan.,,нэг сар,
ひとり,,нэг хүн, ганцаараа,,,one person
ことしの なつは 一人で りょこうに いきます。I'm going on a trip alone this summer.,,,нэг хүн, ганцаараа,,
ひま,,завтай, чөлөөтэй,,,free (time), not busy, spare time [na-adj.]
こんしゅうまつは ひまです。I'm free this weekend.,,,завтай, чөлөөтэй,,
ひゃく,нэг зуу,,hundred
これは どれでも ひとつ 百えんです。Each one costs 100 yen.,,нэг зуу,
びょういん,эмнэлэг,,hospital
つきに １かい びょういんに いきます。I go to the hospital once a month.,,эмнэлэг,
びょうき,өвчтэй,,illness, disease
ははは いま びょうきです。My mother is sick now.,,өвчтэй,
ひらがな,хирагана,,Hiragana
ひらがなで かきます。I write in hiragana.,,хирагана,
ひる,,үд, өдөр,,,daytime, noon
あしたの 昼は うちに います。I'll be at home tomorrow noon.,,,үд, өдөр,,
ビル,барилга,,building
たかい ビルが たくさん あります。There are many tall buildings.,,барилга,
ひるごはん,өдрийн хоол,,lunch
ともだちと 昼ごはんを たべました。I ate lunch with my friends.,,өдрийн хоол,
ひろい,өргөн,,spacious, wide [i-adj.]
このへやは とても 広いです。This room is very large.,,өргөн,
フィルム,,кино, фильм,,,film
カメラに フィルムを いれます。I put the film in the camera.,,,кино, фильм,,
ふうとう,дугтуй,,envelope
ふうとうの なかに チケットを いれます。I put the ticket in the envelope.,,дугтуй,
プール,бассейн,,swimming pool
きのう プールで 1,000メートル およぎました。I swam 1,000 meters in the pool yesterday.,,бассейн,
フォーク,сэрээ,,fork
フォークとナイフでステーキを たべます。I eat steak with a fork and knife.,,сэрээ,
ふきます,үлээх,,blow
そとは すごい かぜが ふいています。There is a terrible wind outside.,,үлээх,
ふく,хувцас,,clothes
あたらしい ふくを たくさん かいました。I bought a lot of new clothes.,,хувцас,
ふたつ,2 ширхэг,,two
このパンを 二つ ください。Please give me two of these breads.,,2 ширхэг,
ぶたにく,гахайн мах,,pork
わたしは ぶたにくを たべません。I don't eat pork.,,гахайн мах,
ふたり,,2 хүн, хоёулаа,,,two people
わたしは こどもが 二人 います。I have two children.,,,2 хүн, хоёулаа,,
ふつか,,2ны өдөр, хоёр өдөр,,,the second day of the month, two days
きょうは 二日です。Today is 2nd.,,,2ны өдөр, хоёр өдөр,,
ふとい,бүдүүн,,thick, fat [i-adj.]
ふといペンで じゅうしょを かきます。I write my address with a thick pen.,,бүдүүн,
ふゆ,өвөл,,winter
まいとし ふゆに スキーに いきます。I go skiing every winter.,,өвөл,
ふります,,орох /бороо , цас/,,,fall, come down
たぶん こんばんは あめが ふります。Maybe it will rain tonight.,,,орох /бороо , цас/,,
ふるい,хуучин,,old [i-adj.]
これは 古いカメラです。This is an old camera.,,хуучин,
ふろ,банн,,bath 「おふろ」more polite
まいにち おふろに はいります。I take a bath every day.,,банн,
ぶん,өгүүлбэр,,sentence
ながい 文を かいてください。Please write a long sentence.,,өгүүлбэр,
ぶんしょう,,эх, текст,,,text
つぎの ぶんしょうを よんで、しつもんにこたえてください。Please read the following sentences and answer the questions.,,,эх, текст,,
ページ,хуудас,,page
53ページを よんでください。Please read page 53.,,хуудас,
へた,,муу, сайн биш, чадваргүй,,,poor, unskillful [na-adj.]
わたしは うたが へたです。I'm not good at singing.,,,муу, сайн биш, чадваргүй,,
ベッド,ор,,bed
ベッドの したに ねこが います。There is a cat under the bed.,,ор,
へや,өрөө,,room
この へやは ひろいですね。This room is large.,,өрөө,
へん,,-хавьд, ойролцоо,,,side, part このへん。 = near here
このへんにATMが ありますか。Is there an ATM near here?,,,-хавьд, ойролцоо,,
ペン,үзэг,,pen
ここに なまえを ペンで かいてください。Please write your name here with a pen.,,үзэг,
べんきょうします,сурах,,study
まいにち うちで にほんごを べんきょうします。I will study Japanese at home every day.,,сурах,
べんり,тухтай,,convenience [na-adj.]
このアプリは とても べんりです。This app is very useful.,,тухтай,
ほう,.. тал,,ＡよりＢのほうが～。B is ... than A.
ふゆより なつのほうが すきです。I like summer better than winter.,,.. тал,
ぼうし,малгай,,hat, cap
さむいひは ぼうしを かぶります。I wear a hat on cold days.,,малгай,
ボールペン,үзэг,,ballpoint pen
ボールペンを もっていますか。Do you have a ballpoint pen?,,үзэг,
ほか,бусад,,another, other
ほかの ひは どうですか。How about the other day?,,бусад,
ぼく,би,,I (generally young boys, but some adult use as a style)
ぼくは 13さいです。I am 13 years old.,,би,
ポケット,халаас,,pocket
ポケットの なかに けいたいでんわがあります。I have a mobile phone in my pocket.,,халаас,
ほしい,,хүсэх, хүсэлтэй байна,,,want (something) [i-adj.]
あたらしいカメラがほしいです。 I want a new camera.,,,хүсэх, хүсэлтэй байна,,
ほそい,туранхай,,thin, fine [i-adj.]
ほそいペンで イラストを かきます。Draw an illustration with a thin pen.,,туранхай,
ボタン,товч,,button
このシャツは ボタンが ひとつ ありません。This shirt doesn't have one button.,,товч,
ホテル,буудал,,hotel
ホテルで おいしい ひるごはんを たべました。I had a delicious lunch at the hotel.,,буудал,
ほん,ном,,book
しゅうに ３さつぐらい 本を よみます。I read about 3 books a week.,,ном,
ほんだな,номын тавиур,,bookshelf
ほんだなに本が 200さつぐらい あります。There are about 200 books on the bookshelf.,,номын тавиур,
ほんとう,,үнэхээр, нээрээ, үнэн,,,really, truth
ほんとうですか。しりませんでした。Is it true? I did not know that.,,,үнэхээр, нээрээ, үнэн,,
ほんや,номын дэлгүүр,,bookshop
５かいに おおきい ほんやが あります。There is a large bookstore on the 5th floor.,,номын дэлгүүр,
,,,,
まいあさ,өглөө бүр,,every morning
毎朝 コーヒーを ２はい のみます。I drink two cups of coffee every morning.,,өглөө бүр,
まいげつ/まいつき,сар бүр,,every month
毎月 ホンコンに しゅっちょうします。I go on a business trip to Hong Kong every month.,,сар бүр,
まいしゅう,долоо хоног бүр,,every week
毎週 げつようびに ジムに いきます。I I go to the gym in my neighborhood every week.,,долоо хоног бүр,
まいにち,өдөр бүр,,every day
へいじつは毎日 7じはんに おきます。I wake up at 7:30am every weekday.,,өдөр бүр,
まいねん/まいとし,жил бүр,,every year
毎年 ８がつと 12がつに りょこうを します。I travel every August and December.,,жил бүр,
まいばん,орой бүр,,every night
毎ばん １じかんぐらい ゲームをします。I play games for about an hour every night.,,орой бүр,
まえ,,урд, өмнө,,,front
駅の前の コンビニで かいました。I bought it at a convenience store in front of the station. before
いつも しごとの前に コーヒーを のみます。I always drink coffee before work.,,,урд, өмнө,,
まがります,эргэх,,turn
２つめの かどを みぎに まがります。Turn right at the second corner.,,эргэх,
まずい,,муу, амтгүй,,,nasty, bad-tasting
このりょうりは ほんとうに まずいです。This dish is really bad.,,,муу, амтгүй,,
また,дахин,,again
じゃ、また らいしゅう！ Then, see you next week!,,дахин,
まだ,хараахан,,still, yet
「もう おわりましたか」「まだです」,,Have you finished yet?,, ,,Not yet.,,,,хараахан,
まち,хот,,town
わたしたちは このまちが すきです。We like this town.,,хот,
まちます,хүлээх,,wait
ここで タクシーを まちます。I'll wait for a taxi here.,,хүлээх,
まっすぐ,,шууд, чигээрээ,,,straight [na-adj.]
このみちを 100mぐらい まっすぐ いきます。Go straight on this road for about 100m.,,,шууд, чигээрээ,,
マッチ,,таарах, тохирох,,,match
たぶん うちに マッチは ありません。There is probably no match at home.,,,таарах, тохирох,,
まど,цонх,,window
このまどを あけても いいですか。Is it okay to open this window?,,цонх,
まるい,бөөрөнхий,,round [i-adj.]
まるいテーブルをかいたいです。I want to buy a round table.,,бөөрөнхий,
まん,,10,000,,,ten thousand
このタブレットは 5万えんで かいました。I bought this tablet for 50,000 yen.,,,10,000,,
まんねんひつ,бэхтэй үзэг,,fountain pen
たかい まんねんひつを ３ぼん もっています。I have three expensive fountain pens.,,бэхтэй үзэг,
みがきます,,угаах/шүд/ , зүлгэх,,,polish, brush
しょくじのあとで はを みがきます。I will brush after the meal.,,,угаах/шүд/ , зүлгэх,,
みぎ,баруун,,right
つぎの かどを 右に まがります。Turn right at the next corner.,,баруун,
みじかい,богино,,short [i-adj.]
みじかいえいがを３ぼん みました。I watched 3 short movies.,,богино,
みず,ус,,water
つめたい水を ください。Please give me cold water.,,ус,
みせ,дэлгүүр,,store
この店の やきとりは さいこうです。The yakitori in this shop is the best.,,дэлгүүр,
みせます,үзүүлэх,,show
いりぐちで チケットを 見せます。I will show them the ticket at the entrance.,,үзүүлэх,
みち,зам,,way
この道を まっすぐ いってください。Please go straight on this road.,,зам,
みっか,,3-ны өдөр, гурван өдөр,,,the third day of month, three days
きょうは 三日です。Today is the 3rd.,,,3-ны өдөр, гурван өдөр,,
みっつ,3 ширхэг,,three
このふくは ポケットが 三つ あります。This cloth has three pockets.,,3 ширхэг,
みなさん,та бүгд,,everyone
みなさん、こんにちは。Hello everyone.,,та бүгд,
みなみ,өмнө/урд зүг,,south
南は こっちです。South is this direction.,,өмнө/урд зүг,
みます,үзэх,,look, see, watch
よく ネットで えいがを 見ます。I often watch movies online.,,үзэх,
みみ,чих,,ear
わたしは 耳が ちいさいです。I have small ears.,,чих,
みんな,бүгдээрээ /хүн/,,everyone, everything
これは みんな 100えんです。This is all 100 yen.,,бүгдээрээ /хүн/,
むいか,6-ны өдөр,,the sixth day of the month
きょうは 六日です。Today is the 6th.,,6-ны өдөр,
むこう,тэнд,,over there
だんせいの おてあらいは むこうです。Men's restrooms are over there.,,тэнд,
むずかしい,хэцүү,,difficult [i-adj.]
このもんだいは とても むずかしいです。This question is very difficult.,,хэцүү,
むっつ,6 ширхэг,,six
その ちいさい パンを 六つ ください。Please give me six of those little breads.,,6 ширхэг,
め,нүд,,eye
わたしは 目が あまり よくないです。My eyes are not very good.,,нүд,
メートル,метр,,meter
ここから えきまで 100メートルぐらいです。It is about 100 meters from here to Eki.,,метр,
めがね,нүдний шил,,glasses
ポケットの なかに めがねが あります。I have glasses in my pocket.,,нүдний шил,
メモ,тэмдэглэл,,memo
バッグの なかに メモが あります。There is a note in my bag.,,тэмдэглэл,
メモします,тэмдэглэх,,make a note
メモしてもいいですか。Can I make a note?,,тэмдэглэх,
もう,аль хэдийнэ,,already, yet
もう おわりました。It's already over.,,аль хэдийнэ,
もう～,дахиад～,,... more
もういちど ゆっくり いってください。Please say slowly again.,,дахиад～,
もく,мод,,Thursday = もくようび。
5がつ13にち（木） May 13th (Thursday).,,мод,
もくようび,пүрэв гараг,,Thursday
木よう日に どこかで あいませんか。Would you like to meet somewhere on Thursday?,,пүрэв гараг,
もしもし,байна уу /утсаар ярихад хэрэглэнэ/,,hello (telephone)
もしもし、さとうですが、…。Hello, this is Sato ....,,байна уу /утсаар ярихад хэрэглэнэ/,
もちろん,мэдээж,,of course
はい、もちろん。Yes of course.,,мэдээж,
もちます,,барих, тогтоох,,,have, hold, carry
バッグを もちましょうか。Shall I carry your bag?,,,барих, тогтоох,,
もっていきます,авах,,take (something) （もってきます。= bring (something)）
パーティーに なにを もっていきますか。What are you going to take to the party?,,авах,
もっと,илүү,,more
もっと おおきい こえで はなしてください。Please speak louder.,,илүү,
もの,зүйл,,object, thing
いちばん いいものを えらんでください。Please choose the best one.,,зүйл,
もらいます,авах,,receive
ともだちに プレゼントを もらいました。I got a present from my friend.,,авах,
もん,,гарц, хаалга,,,gate
あそこの もんから はいってください。Please enter from the gate over there.,,,гарц, хаалга,,
もんだい,асуулт,,question
これは むずかしいもんだいです。This is a difficult question.,,асуулт,
もんだいようし,асуултын хуудас,,question sheet
まだ もんだいようしを みないでください。Don't look at the question paper yet.,,асуултын хуудас,
もんだいれい,жишээ асуулт,,sample question
これは N5のもんだいれいです。This is an example of an N5 question.,,жишээ асуулт,
,,,,
やおや,ногооны дэлгүүр,,vegetable store
ちかくの やおやで くだものを かいました。I bought some fruits at a nearby greengrocer.,,ногооны дэлгүүр,
やさい,ногоо,,vegetable
まいにち やさいを たべます。I eat vegetables every day.,,ногоо,
やさしい,эелдэг,,easy, kind/nice/sweet/gentle [i-adj.]
このテストは やさしいです。This test is easy.
かれは とても やさしいです。He is very kind.,,эелдэг,
やじるし,сум,,arrow
あそこに あかい やじるしが あります。There is a red arrow over there.,,сум,
やすい,хямд,,cheap, inexpensive
このみせの ランチは 安いですが、おいしいです。Lunch at this shop is cheap but delicious.,,хямд,
やすみ,амралт,,holiday, vacation
あしたは 休みですから、かいものにいきます。I'm off tomorrow, so I'm going shopping.,,амралт,
やすみます,амрах,,have a day off, rest, be absent
あしたから １しゅうかん 休みます。I will take a week off from tomorrow.
つかれましたから、すこしやすみます。I'm tired, so I'll take a break.,,амрах,
やっつ,8 ширхэг,,eight
このドーナツを 八つ ください。Please give me eight of these donuts.,,8 ширхэг,
やま,уул,,mountain
しゅうまつに たかい やまに のぼりました。I climbed a high mountain on the weekend.,,уул,
やります,хийх,,do
そのしごとは あとで わたしが やります。I will do the work later.,,хийх,
ゆうがた,үдээс хойш,,early evening
なつでも ゆうがたは すずしいです。Even in the summer, it is cool in the evening.,,үдээс хойш,
ゆうびんきょく,шуудан,,post office
ゆうびんきょくにはあまり いきません。I don't go to the post office very often.,,шуудан,
ゆうめい,алдартай,,famous [na-adj.]
これは すごく有名なアニメです。This is a very famous anime.,,алдартай,
ゆき,цас,,snow
ふゆは たくさん ゆきが ふります。In winter, there are many snowfalls.,,цас,
ゆっくり(と),удаан,,slowly
もうすこし ゆっくり はなしてください。Please speak a little more slowly.,,удаан,
ようか,,8-ны өдөр, найман өдөр,,,the eight day of the month, eight days
きょうは 八日、きんようびです。Today is the 8th, Friday.,,,8-ны өдөр, найман өдөр,,
ようふく,ようふく,,(western) clothes
ともだちのたんじょうびにようふくを あげました。I gave clothes to my friend's birthday.,,ようふく,
よく,их,,often
よく カフェで しごとを します。I often work at a nearby cafe.,,их,
よこ,,дэргэд, хажууд,,,the side
テレビの よこに スイッチが あります。There is a switch next to the TV.,,,дэргэд, хажууд,,
よっつ,4 ширхэг,,four
アイスコーヒーを 四つ ください。Please give me four iced coffees.,,4 ширхэг,
よびます,дуудах,,call, invite
おみせの ひとを よびましょう。Let's call the shop staff.,,дуудах,
よみます,унших,,read
むすめは よく ほんを 読みます。My daughter often reads books.,,унших,
よる,орой,,night
あしたの夜 カフェで ともだちに あいます。I'll see my friends at the cafe tomorrow night.,,орой,
,,,,
ラーメン,гоймон,,ramen, noodle
ときどき ラーメンを たべます。I eat ramen sometimes.,,гоймон,
らいげつ,ирэх сар,,next month
たぶん 来月 シンガポールに いきます。Maybe I'm going to Singapore next month.,,ирэх сар,
らいしゅう,ирэх 7 хоног,,next week
来週は とても いそがしいです。I will be very busy next week.,,ирэх 7 хоног,
らいねん,ирэх жил,,next year
来年 けっこんします。I'm getting married next year.,,ирэх жил,
ラジオ,радио,,radio
いまは ほとんど ラジオを ききません。I rarely listen to the radio now.,,радио,
りっぱ,,,good, fine, fine-looking, splendid, magnificent [na-adj.]
あのひとは とても りっぱなひとです。That person is a very good person.,,,
りゅうがくせい,,,student studying abroad
リンダさんは りゅうがくせいです。Linda is an international student.,,,
りょうしん,,,parents
りょうしんは ハワイに すんでいます。My parents live in Hawaii.,,,
りょうり,,,cooking
よく りょうりを します。I cook often.,,,
りょこうがいしゃ,,,travel agency
かれは りょこうがいしゃにつとめています。He works for a travel agency.,,,
りょこうします,,,travel
なつやすみに ともだちと りょこうします。I travel with friends for summer vacation.,,,
りんご,,,apple
ネットで りんごを たくさん かいました。I bought a lot of apples online.,,,
れい,,,example
もうすこし れいを おしえてください。Please give me a few more examples.,,,
れいぞうこ,,,refrigerator
れいぞうこの なかに ビールが たくさん あります。There is a lot of beer in the fridge.,,,
レコード,,,record
わたしの うちに レコードは ありません。There are no records in my house.,,,
レストラン,,,restaurant
このレストランは とても おいしいです。This restaurant has really good food.,,,
れんしゅう,,,practice
れんしゅうは とても たいせつです。Practice is very important.,,,
れんしゅうします,,,practice
うちで もっと れんしゅうしてください。Please practice more at home.,,,
ろく,,,six
このタブレットは 六まんえんぐらいでした。This tablet cost about 60,000 yen.,,,
ろっぽん,,,six (long objects)
コーラを 六本 ください。Please give me six colas.,,,
,,,,
,ワイシャツ
(Yシャツ),,,,business shirt (white shirt)
ワイシャツは あまり きません。I don't wear shirts very often.,,,
わかい,,,young [i-adj.]
ははは ちちより ５さい わかいです。My mother is 5 years younger than my father.,,,
わかります,,,understand, know
にほんごが わかりますか。Do you understand Japanese?,,,
わすれます,,,forget
また パスワードをわすれました。I forgot my password again.,,,
,わたくし
(very formal),,,,I
私は ABC Company の さとうです。I'm Sato from ABC Company.,,,
わたし,,,I
私は にほんごを べんきょうしています。I'm studying Japanese.,,,
わたします,,,hand over
これから しゅくだいを わたします。I will give you homework from now on.,,,
わたります,,,cross
おうだんほどうを わたりましょう。Let's cross the pedestrian crossing.,,,
わるい,,,bad [i-adj.]
わたしは めが わるいです。I have bad eyesight.,,,
,,,,
あ,,,Ah!, Oh!,,,
ああ,,Ah!,,
あの,,,Well, Let me see.,,,
あのう,,,Excuse me., Well, Let me see.,,,
,,,,
ありがとうございます。,,Thank you very much.,,
いいえ。,,No,,
いえ。,,No,,
いただきます。,,Let's eat! (saying this before having a meal.),,
いってきます。,,,I am going., I am leaving.,,,
いらっしゃいませ。,,,May I help you? (at restaurant, shop),,,
うーん,,,Well, Let me see.,,,
え,,Oh! = えっ。,,
ええ,,Yes.,,
えー,,,Well, Let me see.,,,
えっ,,Oh! = え。,,
おげんきで。,,Take care of yourself.,,
おねがいします。,,Please.,,
おはようございます。,,Good morning.,,
おやすみなさい。,,Good night.,,
ください。,,Please give me.,,
ごちそうさまでした。,,I've enjoyed my meal very much. Thank you. (saying this after having a meal.),,
こちらこそ。,,,It is me, not you that ...,,,
ごめんください。,,,Hello!, May I come in?,,,
ごめんなさい。,,Sorry.,,
こんにちは。,,,Good morning., Good afternoon., Hello.,,,
こんばんは。,,Good evening.,,
さあ…,,Well ...,,
さようなら。,,Goodbye.,,
しつれいしました。,,I am sorry. (I am sorry to have been rude.),,
しつれいします。,,Excuse me.,,
じゃ,,,then, well, well then, if so, in the case.,,,
じゃあ,,,then, well, well then, if so, in the case.,,,
すみません。,,Excuse me.,,
そうしましょう。,,Let's do it.,,
そうです。,,That's right.,,
そうですか。,,I see.,,
そうですね。,,,Oh right., Well ...,,,
ただいま。,,,I'm home., I'm back.,,,
では、また。,,,Well then, see you again.,,,
どういたしまして。,,,You are welcome., Not at all.,,,
どうぞ。,,Please.,,
どうも。,,Thanks.,,
どうもありがとう。,,Thanks a lot.,,
はい。,,Yes.,,
はじめまして。,,Nice to see you.,,
よろしく。,,(Please favor me.),,
