～えき,өртөө,Мэгуро өртөөнөөс алхаад ойролцоогоор 3 минут болно.,... station,めぐろ駅から あるいて ３ぷんぐらいです,It's about 3 minutes walk from Meguro station.
～えん,иен,Энэ бол 10000 иен.,... yen,"これは 10,000円です","This is 10,000 yen."
～かい,давхар,Миний өрөө 2 давхарт.,... floor,わたしの へやは 2かいです,My room is on the second floor.
～かい,удаа,Би энэ киног 2 удаа үзсэн.,... times,このえいがを 2かい みました,I watched this movie twice.
～かかん,... өдрийн турш (хугацаа),,for ... day(s),いちに、ふつか(かん)、みっかかん・・・ ,"One, two, three days"
～かげつ,... сарын турш (хугацаа),"1 сарын турш, 2 сарын турш , 3 сарын турш.",(for) ... month(s),いっか月、にか月、さんか月・・・ ,"One month, two months, three months …"
～かた,арга,Хийх аргыг нь заагаад өгөөч,how to ...,つかいかたを おしえてください,Please teach me how to use it.
～がつ,сар,"1-дүгээр сар, 2-дугаар сар, 3-дугаар сар",... month,1月、2月、3月・・・," January, February, March …"
～がります,,Хүүхдүүд диснейлэнд явахыг хүсдэг,(third person) wants to ... [「〜たい」のstem]＋[てform of がります]＋ います,こどもたちは ディズニーランドにいきたがっています,Children want to go to Disneyland.
～がわ,тал,Зүүн талд алхана.,... side,ひだりがわを あるきます,Walk on the left side.
～キロ,кг,,... kg =,1キロ、2キロ、3キロ・・・ ,"1 kg, 2 kg, 3 kg …"
～キロ,км,10 гаруй километр гүйсэн,... km = キロメートル,10キロぐらい はしりました,I ran about 10 km.
～くらい/ぐらい,"ойролцоогоор, гаруй",2 цаг орчим хичээлээ хийсэн,about ...,2じかんぐらい べんきょうしました,I studied for about 2 hours.
～グラム,грам,"1 грамм, 2 грамм, 3 грамм",... gram,"1グラム、2グラム、3グラム・・・ 1 gram, 2 gram, 3 gram ...",
～こ,* жижиг зүйл тоолох нөхцөл,,counter for small object,"いっこ、にこ、さんこ・・・ 1, 2, 3 (small objects) ...",
～ご,хэл,"Япон хэл, англи хэл, хятад хэл",... language,"にほん語、えい語、ちゅうごく語・・・ Japanese, English, Chinese ...",
～ごろ,үед,2 цагийн үед тэнд очно.,around ... (for time),2じごろに そちらに いきます,I will go there around 2 o'clock.
～さい,нас,"1 настай, 2 настай, 3 настай",... year(s) old,"いっさい、にさい、さんさい・・・ 1 year old, 2 years old, 3 years old ...",
～さつ,* ном тоолох нөхцөл,"1 ном, 2 ном, 3 Ном",counter for book,"いっさつ、にさつ、さんさつ・・・ 1 book, 2 books, 3 books ...",
～さん,"(хүн) гуай , хүндэтгэх, авгайлах","Ноён Сузуки, хатагтай Сато.","Mr., Mrs., Miss","すずきさん、さとうさん・・・ Mr. Suzuki, Ms. Sato",
～じ,цаг,Яг одоо 3 цаг болж байна,... o'clock,いま 3時です,It's 3 o'clock now.
～じかん,хугацаа,,... hour(s),"1時間、2時間、3時間・・・1 hour, 2 hours, 3 hours ...",
～しゅうかん,... долоо хоногийн турш (хугацаа),,(for) ... week(s),"1週間、2週間、3週間・・・ 1 week, 2 weeks, 3 weeks ...",
～じん,хүн,"Япон хүн, америк хүн, герман хүн","...an, ...ese","にほん人、アメリカ人、ドイツ人・・・ Japanese, American, German ...",
～すぎ,"өнгөрөх , хэтрэх, Дараа",2 цагийн дараа токиод очсон байна.,"past, over",2じすぎに とうきょうに つきます,I will arrive in Tokyo after 2 o'clock.
～ずつ,"1 бүр, Тус бүр",Энэ болон энийг тус бүрээс 2-ыг өгөөч.,... each,これと これを ２つずつ ください,Please give me two of this and two of this.
～せんせい,багш,Сүзүки багш хаана байна?,teacher,すずき先生は どこに いますか,Where is Teacher Suzuki?
～だい,* машин тоолох нөхцөл,"1 машин, 2 машин, 3 машин",counter for machine,"いちだい、にだい、さんだい・・・ one, two three (machines)",
～たち,"- ууд, -үүд, - нар (олон тоо)","Бид , хүүхдүүд, Тэд","...s, ... and others",わたしたち、こどもたち、あのひとたち,"We, Children, Those people"
～ちゅう,дунд,Одоо уулзалттай байна.,"be in middle of ..., (during) in ...",いま かいぎ中です,I'm in a meeting now.
～つ,* юмс тоолох нөхцөл,Кофеноос 3 ширхгийг өгөөч.,counter for object,コーヒーを 3つ ください,Please give me three coffees.
～ど,-удаа,Дахиад 1 удаа хэлээд өгөөч.,... time(s),もういちど いってください,Please say that again.
～にち,-ны өдөр,Өнөөдөр бол 12-ны өдөр.,"...st, ...nd, ...th",きょうは 12日です,Today is the 12th.
～にん,* хүн тоолох нөхцөл,"Ганцаараа ,2-улаа ,3-уулаа ,4-үүлээ ,тавуулаа",counter for person,"ひとり、ふたり、さん人、よ人、ご人・・・ one, two three, four, five (person)",
～ねん,* жил тоолох нөхцөл,"2030 он, 2040 он , 2050 он",... years,"2030年, 2040年, 2050年",
～はい/ばい/ぱい,* аягатай зүйл тоолох нөхцөл,"1 аяга, 2 аяга, 3 аяга",cups of ...,"いっぱい、にはい、さんばい・・・ one, two three (cup of ...)",
～はん,хагас,Одоо 9 цаг хагас болж байна.,half,いま 9じ半です,It's 9:30 now.
～ばん,дугаар,Дугаар 1 дугаар 2 дугаар 3.,No. ...,"１ばん、２ばん、３ばん・・・ No.1, No.2, No.3 ...",
～ひき/びき/ぴき,* амьтан тоолох нөхцөл,,counter for animal,"いっぴき、にひき、さんびき・・・ one (animal), two (animals), three (animals)",
～ふん/ぷん,* минут тоолох нөхцөл,"1 минут ,2 минут , 3 минут",... minute(s),"いっぷん、にふん、さんぷん・・・ 1 minute, 2 minutes, 3 minutes",
～ページ,хуудас,Хуудас 13-ыг харна уу.,... page,13ページを みてください,Please look at page 13.
～ほん/ぼん/ぽん,* урт нарийн зүйлийн т/ш хэлэх нөхцөл,Шүхэр 3 ширхэг байна.,counter for long object,かさが 3本 あります,I have three umbrellas.
～まい,* хавтгай нимгэн зүйлийн т/ш хэлэх нөхцөл,Цааснаас 1 ширхгийг өгөөч.,counter for thin object,かみを １まい ください,Please give me a piece of paper.
～まえ,"урд, өмнө",2 жилийн өмнө Японд ирсэн.,... ago,2ねん前に にほんに きました,I came to Japan two years ago. before ...
～メートル,метр,Хичээл эхлэхийн өмнө ариун цэврийн өрөө орно,... meter,１メートル、1.5メートル、２メートル ,"1 meter, 1.5 meters, 2 meters"
～や,"болон, ба","Сүшиний дэлгүүр, загасны дэлгүүр, махны дэлгүүр, тортны, дэлгүүр","... store, ... shop",すしや、さかなや、にくや、ケーキや…," Sushi shop, Fish shop, Butcher shop, Cake shop …"
あいます,уулзах,Найзтайгаа уулзана.,"see (a person), meet",ともだちに/と 会います,I will see my friend.
あおい,цэнхэр,Цэнхэр үзгэн бал.,blue [i-adj.],あおいボールペン,Blue ballpoint pen
あか,улаан [н.ү],Улаанаар бичнэ.,red [noun],赤で かきます,Write in red.
あかい,улаан [т.н],,red [i-adj.],赤いボールペン Red ballpoint pen,
あがります,өсөх,Цахилгаан шатаар 15 давхар руу өгсөнө.,go up,エレベーターで 15かいに あがります,Take the elevator to the 15th floor.
あかるい,гэрэлтэй,Энэ Өрөө бол саруулхан/ гэрэлтэй.,"bright, light [i-adj.]",このへやは あかるいです,The room is bright.
あき,намар,Би намрын улиралд дуртай.,"autumn, fall",あきが すきです,I like autumn.
あきます,нээгдэх,Хаалга нээгдэнэ.,open,ドアが あきます,The door opens.
あけます,онгойлгох,Би хаалга нээнэ.,open,わたしは ドアをあけます,I open the door.
あげます,өгөх,Би ээжийн төрсөн өдрөөр бэлэг өгсөн.,give,ははの たんじょうびに プレゼントを あげました,I gave a present on my mother's birthday.
あさ,өглөө,Би маргааш өглөө 6 цагт босно.,morning,あしたの 朝は 6じに おきます, I will get up at 6 o'clock tomorrow morning.
あさごはん,өглөөний хоол,Аль хэдийн өглөөний хоолоо идчихсэн үү.,breakfast,もう 朝ごはんを たべましたか, Have you eaten breakfast yet?
あさって,нөгөөдөр,Нөгөөдөр япон хэлний тесттэй.,the day after tomorrow,あさっては にほんごの テストです,The day after tomorrow will be a Japanese test.
あし,хөл,Тэр эмэгтэй урт хөлтэй.,"leg, foot",かのじょは足が ながいです, She has long legs.
あした,маргааш,Тэгвэл маргааш уулзъя.,tomorrow,では、また あした,See you tomorrow.
あそこ,тэнд,Тэндээс автобусанд сууна.,over there,あそこで バスに のります,Get on the bus over there.
あそびます,"хөгжилдөх, тоглох",Хүүхдүүд цэцэрлэгт хүрээлэнд сайхан тоглосон,play,こどもは よく こうえんで あそびます,Children often play in the park.
あたたかい,дулаан,Өнөөдөр өчигдрөөс дулаахан байна.,warm [i-adj.],きょうは きのうより あたたかいです,Today is warmer than yesterday.
あたま,толгой,Тэр их толгой сайтай.,head,かれは とても あたまが いいです,He is very smart.
あたらしい,шинэ,Би шинэ компьютер худалдаж авсан.,new [i-adj.],新しい コンピュータを かいました,I bought a new computer.
あちら,тээр тэнд,Орох хаалга тэнд байна.,over there 「あそこ」の more polite,いりぐちは あちらです,The entrance is over there.
あつい,халуун,Өнөөдөр халуун байна.,hot [i-adj.],きょうは あついですね,It's hot today.
あつい,зузаан,Энэ ном зузаан байна.,thick [i-adj.],このほんは あついです,This book is thick.
あと(で),"дараа, дараагаар",Өглөөний цайны дараа алхалт хийнэ.,after,あさごはんの 後で さんぽをします,I will take a walk after breakfast.
あに,ах,Миний ах Англид байгаа.,(my) older brother,あには イギリスに います,My brother is in England.
あね,эгч,Миний эгч Францад байгаа.,(my) older sister,あねは フランスに います,My sister is in France.
あの～,"тэр, нөгөө",Тэр хүн хэн бэ?,that ...,あのひとは だれですか,Who is that person?
アパート,орон сууц,Би хуучин орон сууцанд амьдардаг.,apartment,わたしは ふるいアパートにすんでいます,I live in an old apartment.
あびます,шүршүүрт орох,Өглөө шүршүүрт ордог.,take (a shower),あさ シャワーを あびます, Take a shower in the morning.
あぶない,аюултай,Энд аюултай шүү.,dangerous [i-adj.],ここは あぶないですよ,It's dangerous here.
あまい,"чихэрлэг, амттай",Энэ бялуу үнэхээр амттай байна.,sweet [i-adj.],このケーキは とても あまいです,This cake is very sweet.
あまり,"тийм ч, тийм ч их",Ном бараг уншдаггүй.,not much ...,あまり ほんを よみません,I don't read many books.
あめ,бороо,Үдээс хойш бороо орж магадгүй.,rain,ごごは たぶん 雨が ふります,It will probably rain in the afternoon.
アメリカ,Америк,Миний ах Америк руу явсан.,The United States of America,あには アメリカに いきました,My brother went to America.
あらいます,угаах,Энд гараа угаана.,wash,ここで てを あらいます, Wash your hands here.
あります,орших,Хайрцаг дотор 7 ширхэг алим байна.,be [existence],はこの なかに りんごが ななつ あります,There are seven apples in the box.
あります,байх,Өнөөдөр надад цаг байгаа.,have [possession],わたしは きょう じかんが あります,I have time today.
あるきます,алхах,Өчигдөр ажлаас гэр хүртэл алхсан.,walk,きのうは オフィスから うちまで あるきました,I walked from the office to my house yesterday.
あれ,тэр,Тэр юу вэ?,that (one),あれは なんですか,What is that?
いい,сайн,Энэ аппликейшн үнэхээр гоё.,good [i-adj.],この アプリは とても いいです,This app is very nice.
いいます,хэлэх,Дахиад 1 удаа хэлье.,"say, tell",もういちど 言います,I will say it again.
いえ,гэр,Гэрт дулаахан байна.,house,家の なかは あたたかいです,The inside of the house is warm.
いきます,явах,Дугуйгаар гэр рүүгээ явна.,go,じてんしゃで がっこうに 行きます,I go to school by bicycle.
いくつ,хэд,Хөргөгчинд хэдэн ширхэг өндөг байна вэ?,"how many, how old",れいぞうこの なかに たまごが いくつ ありますか,How many eggs are there in the fridge?
いくら,хэр их,Энэ хэд вэ?,how much,これは いくらですか,How much is this?
いけ,цөөрөм,Цөөрөм дотор үзэсгэлэнтэй загас байна.,pond,いけの なかに きれいな さかなが います,There are beautiful fish in the pond.
いしゃ,эмч,Миний аав бол эмч.,doctor = おいしゃさん。,ちちは いしゃです,My father is a doctor.
いす,сандал,Энэ сандал хүнтэй байсан.,chair,このいすは たかかったです,This chair was expensive.
いそがしい,завгүй,Өдөр бүр завгүй байна.,busy [i-adj.],このごろ まいにち いそがしいです,I'm busy these days.
いたい,"өвчтэй, өвдөж байна",Өнөөдөр толгой бага зэрэг өвдөж байна.,be painful [i-adj.],きょうは すこし あたまが いたいです,I have a slight headache today.
いち,нэг,,one,"いち、に、さん、し、ご・・・one, two, three, four, five...",
いちど,нэг удаа,Дахиад 1 удаа хэлээд өгөөч.,once,もう一ど いってください,Say that once more please.
いちにち,нэг өдөр,Өчигдөр бүтэн өдөр гэртээ байсан.,one day,きのうは 一日 うちに いました,I was at home all day yesterday.
いちばん,"хамгийн, хамгийн шилдэг",Хамгийн сайныг нь сонгоно.,the best,一ばん いいものを えらびます,Choose the best one.
いつ,хэзээ,ЧИ хэзээ токио явах вэ?,when,いつ とうきょうに いきますか,When are you going to Tokyo?
いつか,"таван өдөр, тавны өдөр",өнөөдөр 5ны өдөр,"the fifth day of the month, five days",きょうは 五日です,Today is the 5th.
いっしょ(に),"хамт, цуг",Би найзтайгаа хамт сургуульдаа явна.,together,ともだちと いっしょに がっこうに いきます,I will go to school with my friends.
いつつ,таван ширхэг,5 ширхэг алим 400 иен болно.,five,りんごは 五つ 400えんです,Five apples cost 400 yen.
いつも,"үргэлж, байнга",Би үргэлж гар утастайгаа байна.,always,いつも けいたいでんわをもっています,I always have a mobile phone.
いま,одоо,Одоо хэдэн цаг болж байна вэ?,now,今 なんじですか,What time is it now?
います,"орших , байх / хүн, амьтан/",Би одоо гэртээ байна. Надад ах дүү байгаа.,be (existence),わたしは いま いえに います,I'm at home now. have (family)
いみ,утга,Аль нь адилхан утгатай өгүүлбэр вэ?,meaning,おなじ いみのぶんは どれですか,Which sentences have the same meaning?
いもうと,охин дүү,Охин дүү маань яг одоо гэртээ байхгүй байна.,(my) younger sister,いもうとは いま いえに いません,My sister isn't at home right now.
いもうとさん,охин дүү /өөр хүний/,Охин дүү чинь хаана байна вэ?,(someone's) younger sister,いもうとさんは どこに いますか,Where is your sister?
いや,"хүсэхгүй, дургүй",Дургүй ажил ч бас байгаа.,"hateful, not likable, unpleasant [na-adj.]",いやな しごとも あります,There are also unpleasant jobs.
いりぐち,орох хаалга,Орох хаалга хаана байна вэ?,entrance,入口は どこですか,Where is the entrance?
いります,"хэрэгтэй, шаардлагатай",Надад уудах хэрэггүй.,"be necessary, must have, need",ふくろは いりません,I do not need a bag.
いれます,"хийх, оруулах",Кофендоо крем хийх үү?,put in,コーヒーに クリームを 入れますか,Would you like to add cream to your coffee?
いろ,өнгө,Та ямар өнгөнд дуртай вэ?,color,どんな いろが すきですか,What kind of color do you like?
いろいろ,"өөр өөр, янз бүр",Энэ барилга дотор янз бүрийн дэлгүүр байгаа.,various [na-adj.],この ビルの なかには いろいろな みせが あります,There are various shops in this building.
うえ,дээр,Нүдний шил ширээн дээр байна.,"on, above, top",めがねは つくえの 上に あります,The glasses are on the desk.
うしろ,ард,Дэлгэцний ард унтраалга байгаа.,"back, behind",モニターの 後ろに スイッチが あります,There is a switch on the back of the monitor.
うすい,нимгэн,Энэ ном бол нимгэн.,thin [i-adj.],このほんは うすいです,This book is thin.
うた,дуу,Энэ бол гоё дуу.,song,これは いい うたですね, This is a good song.
うたいます,дуулах,Караокед Япон дуу дуулсан.,sing,カラオケで にほんごの うたを うたいました,I sang a Japanese song at karaoke.
うち,гэр,Гэр чинь хаана вэ?,home,うちは どこですか,Where is your home?
うまれます,төрөх,Өнгөрсөн сард хүүхэд минь төрсөн.,be born,せんげつ あかちゃんが 生まれました,"Last month, a baby was born."
うみ,далай,Уулнаас илүү далайд дуртай.,sea,やまより うみが すきです,I like the sea better than the mountains.
うります,зарах,Энэ амазонд зарагдаж байгаа.,sell,Amazonで うっています,It is sold on Amazon.
うるさい,шуугиантай,Метронд чимээ ихтэй байдаг.,loud [i-adj.],ちかてつの なかは うるさいです,It's noisy in the subway.
うれしい,"аз жаргалтай, баяртай",Маш их баяртай байна.,"happy, pleased [i-adj.]",とても うれしいです,I am very happy.
うわぎ,хувцас /дээгүүр өмсдөг/,Дэлгүүрт гадуур хувцсаа мартсан.,"coat, jacket, outerwear",みせに うわぎを わすれました,I forgot my jacket at the store.
エアコン,агааржуулагч,Манай гэрт 5 ширхэг агааржуулагч бий.,air conditioner,わたしの うちには エアコンが ５だい あります,There are 5 air conditioners in my house.
えいが,кино,Өчигдөр найзтайгаа кино үзсэн.,movie,きのう ともだちと えいがを みました,I watched a movie with my friends yesterday.
えいがかん,кино театр,Шинэ кино театр руу явсан.,movie theater,あたらしい えいがかんに いきました,I went to a new movie theater.
えいご,англи хэл,Англи хэлээр ярьсан ч болох уу?,English,えいごで はなしても いいですか,May I speak in English?
えき,өртөө,Гэрээс буудал хүртэл ойролцоогоор 5 минут.,station,うちから 駅まで 5ふんぐらいです,It takes about 5 minutes from our house to the station.
えらびます,сонгох,Хамгийн сайныг нь сонгоно.,choose,いちばん いいものを えらびます,Choose the best one.
エレベーター,цахилгаан шат,Цахилгаан шат хаана байгаа вэ?,"elevator, lift",エレベーターは どこに ありますか,Where is the elevator?
えんぴつ,харандаа,Харандаагаар бичсэн ч болох уу?,pencil,えんぴつで かいても いいですか,Can I write it in pencil?
お～,,,[polite prefix],おくに、おかね、おしごと、おでんわ,Country. Money. Job. Phone.
おいしい,амттай,Энэ дэлгүүрийн гоймон амттай.,"delicious, good, tasty [i-adj.]",このみせの ラーメンは おいしいです,The ramen in this shop is delicious.
おいでになります,ирэх,Маргааш хэдэн цагт ирэх вэ?,"come, go, be [respect]",あしたは なんじに おいでになりますか,What time will you come tomorrow?
おおい,"олон, их",Энэ буудал олон өрөөтэй.,a lot of [i-adj.],このホテルは へやが 多いです,This hotel has many rooms.
おおきい,том [т.н],Том машин худалдаж авмаар байна.,big [i-adj.],大きい くるまを かいたいです,I want to buy a big car.
おおきな,том [н.ү],Том худалдааны төв рүү явмаар байна.,big 大きな[noun] = 大きい[noun],大きな ショッピングモールにいきました,I went to a big shopping mall.
おおぜい,олон хүн,Буудлын өмнө хүмүүс маш их байна.,"many (people), a great number of (people)",えきの まえに ひとが おおぜい います,There are a lot of people in front of the station.
おかあさん,ээж,Тэр залуугийн ээж бол япон хүн.,(someone's) mother,かれの お母さんは にほんじんです,His mom is Japanese.
おかし,"амттан, чихэр",Би япон чихрэнд дуртай.,"confectionery, cake, candy, sweets",にほんの おかしが すきです,I like Japanese sweets.
おかね,мөнгө,Мөнгө бол чухал.,money,お金は たいせつです,Money is important.
おきます,тавих,Цүнхээ ширээний дор тавина.,put (Group 1 verb),バッグを テーブルの したに おきます,Place the bag under the table.
おきます,сэрэх,Өдөр бүр 7 цагт босдог.,get up (Group 2 verb),まいにち 7じに おきます,It wakes up at 7 o'clock every day.
おくさん,ээж,Тэр залуугийн эхнэр маш үзэсгэлэнтэй.,(someone's) wife,かれの おくさんは とても きれいです,His wife is very pretty.
おくに,улс,Та аль улсынх вэ?,country = くに。,お国は どちらですか,Where is your country?
おくります,илгээх,Мэйлээр өгөгдлийг илгээнэ.,send,メールで データを おくります,We will send you the data by email.
おさけ,архи,заримдаа/ Үе үе архи уудаг.,"liquor, (alcoholic) drink, sake",ときどき おさけを のみます,I drink alcohol sometimes.
おさら,таваг,Том таваг 5 ширхгийг худалдаж авсан.,plate = さら。,おおきい おさらを 5まい かいました,I bought 5 large plates.
おじさん,авга ах,Авга ах чинь хэзээ Японд ирэх вэ?,uncle,おじさんは いつ にほんに きますか,When will your uncle come to Japan?
おじいさん,өвөө,Тэр залуугийн өвөө одоо Канадад байгаа.,grandfather,かれの おじいさんは いま カナダに います,His grandfather is now in Canada.
おしえます,заах,Би найздаа англи хэл заана.,"teach, tell",ともだちに えいごを おしえます,I will teach English to my friends.
おそい,"удаан, орой",Өнөөдөр хоцорлоо шүү.,late [i-adj.],きょうは おそいですね,"You are late today, aren't you?"
おそく,хоцрох,Өчигдөр орой болтол ажилласан.,late [noun],きのうは おそくまで しごとを しました,I worked late yesterday.
おちゃ,цай,Цай уухгүй биз?,tea,おちゃを のみませんか,Would you like to have a cup of tea?
おてあらい,ариун цэврийн өрөө,Ариун цэврийн өрөө хаана вэ?,"lavatory, toilet",おてあらいは どこですか,Where is the restroom?
おとうさん,аав,Аав чинь хэдэн настай вэ?,(someone's) father,お父さんは なんさいですか,How old is your father?
おとうと,эрэгтэй дүү,Миний эрэгтэй дүү бол оюутан.,(my) younger brother,おとうとは がくせいです,My younger brother is a student.
おとうとさん,эрэгтэй дүү / өөр хүний/,Эрэгтэй дүү чинь хэдэн настай вэ?,(someone's) younger brother,おとうとさんは なんさいですか,How old is your younger brother?
おとこ,эрэгтэй,Эрэгтэй 5 хүн байна.,male,男のひとが 5にん います, There are 5 men.
おとこのこ,эрэгтэй хүүхэд,Эрэгтэй хүүхэд 3 байна.,boy,男の子が 3にん います,There are 3 boys.
おととい,уржигдар,Би уржигдар найзтайгаа уулзсан.,the day before yesterday,おととい ともだちに あいました,I met my friend the day before yesterday.
おととし,уржинан жил,Уржнан жил Японд ирсэн.,the year before last,おととし にほんに きました,I came here two years ago.
おとな,насанд хүрсэн хүн,"Том хүн бол мянган иен ,хүүхэд бол 500 иен.",adult,"大人は 1,000えん、こどもは 500えんです","Adults are 1,000 yen and children are 500 yen."
おなか,гэдэс,Гэдэс өлсчихлөө.,stomach,おなかが すきました,I'm hungry.
おなじ,"адилхан, ижил",Адилхан утгатай өгүүлбэр аль нь вэ?,same,おなじ いみの ぶんは どれですか,Which sentences have the same meaning?
おにいさん,ах / өөр хүний/,Ах чинь Японд байгаа юу?,(someone's) older brother,おにいさんは にほんに いますか,Is your brother in Japan?
おにぎり,будааны бөмбөг,Комбинигоос 2 ширхэг будааны бөмбөлөг худалдаж авсан.,rice ball,コンビニで おにぎりを ふたつ かいました,I bought two rice balls at a convenience store.
おねえさん,эгч,Эгч нь юу хийдэг вэ?,(someone's) older sister,おねえさんは なにを していますか,What is your sister doing?
おばさん,нагац,Нагац чинь хэзээ Японд ирэх вэ?,aunt,おばさんは いつ にほんに きますか,When will your aunt come to Japan?
おばあさん,эмээ,Эмээ чинь хэдэн настай вэ?,grandmother,おばあさんは なんさいですか,How old is your grandmother?
おべんとう,хоол,Би өдрийн хоол хийнэ.,lunch box,おべんとうを つくります,I will make a lunch box.
おぼえます,"санах , цээжлэх",Аппликейшнээр шинэ үг цээжилнэ.,memorize,アプリで あたらしい ことばを おぼえます,Learn new words in the app.
おみせ,дэлгүүр,Эки доторх дэлгүүрээс худалдаж авсан.,shop = みせ。,えきの なかの お店で かいました,I bought it at a shop inside the station.
おもい,хүнд,Энэ зөөврийн компьютер хүнд юм.,heavy [i-adj.],このノートパソコンはおもいです,This laptop is heavy.
おもしろい,сонирхолтой,Сонирхолтой кино үзсэн.,"fun, funny, interesting [i-adj.]",おもしろいえいがをみました,I watched an interesting movie.
およぎます,сэлэх,7 хоног бүр 500 метр сэлдэг.,swim,まいしゅうまつ 500メートル およぎます,I swim 500 meters every weekend.
おります,буух,Дараагийн буудал дээр метроноос бууна.,get off,つぎの えきで でんしゃを おります,Get off the train at the next station.
おわります,дуусах,Уулзалт 3 цагт дуусна.,"end, finish",かいぎは 3じに おわります,The meeting ends at 3 o'clock.
おんがく,хөгжим,Хөгжимд маш их дуртай.,music,おんがくが だいすきです,I love music.
おんな,эмэгтэй,Манай оффис дээр 6 эмэгтэй хүн байдаг.,female,わたしのオフィスには女のひとが 6にん います,There are 6 women in my office.
おんなのこ,эмэгтэй хүүхэд,Эмэгтэй хүүхэд 3 байна,girl,女の子が 3にん います,There are 3 girls.
か,гал,3 сарын 15-ны өдөр Мягмар гараг.,Tuesday = かようび。,3がつ15にち（火） March 15th (Tuesday),
がいこく,гадаад,Гадаад явмаар байна.,foreign country,外国に いきたいです,I want to go abroad.
がいこくじん,гадаад хүн,Манай компанид гадаад хүн олон байдаг.,foreigner,うちの かいしゃには外国人が おおぜい います,There are many foreigners in my company.
かいしゃ,компани,Манай компани хүртэл ойролцоогоор 40 минут.,company,うちから 会社まで 40ぷんぐらいです,It's about 40 from our house to the company.
かいだん,шат,Шатаар явцгаая.,stairs,かいだんで いきましょう,Let's go up the stairs.
かいとうようし,хариултын хуудас,Энэ бол тестийн хариултын хуудас.,answer sheet,これは テストの かいとうようしです,This is the test answer sheet.
かいます,худалдаж авах,Амттай талх худалдаж авсан,buy,おいしい パンを 買いました,I bought some delicious bread.
かいもの,худалдан авах,Машинаар дэлгүүр явсан.,shopping,くるまで 買いものに いきます,I'm going shopping by car.
かえします,буцаах,Номын сангаас ном зээлсэн.,return (object),としょかんに ほんを かえします,Return the book to the library.
かえります,"буцах, харих",Таксигаар гэртээ харина.,"return, go back",タクシーで うちに かえります,I'll take a taxi home.
かお,нүүр,Тэр хүний царайг санаж байна уу?,face,あのひとの かおを おぼえていますか,Do you remember that person's face?
かかります,зарцуулах,Эки хүртэл алхахад 10 минут зарцуулна.,"take (time, money)",えきまで あるいて 10ぷん かかります,It takes 10 minutes on foot to the station.
かぎ,түлхүүр,Гэртээ машиныхаа түлхүүрийг мартсан.,key,うちに くるまの かぎを わすれました,I forgot my car key at home.
かきます,бичих,Гэр хүртэлх газрын 6-ийг зурцгаая.,write,えきまでの ちずを 書きましょうか,Shall I write a map to the station?
がくせい,оюутан,Эмэгтэй дүү маань одоохондоо оюутан.,student,いもうとは まだ 学生です,My sister is still a student.
かけます,зүүх /өмсөх/,Би нүдний шил зүүдэг.,wear,めがねを かけます,I wear glasses.
かけます,залгах /утсаар/,Дараа компани руу залгая.,call,あとで かいしゃに でんわを かけます,I'll call the company later.
かさ,шүхэр,Шүхэр байгаа юу?,umbrella,かさが ありますか,Do you have an umbrella?
かします,зээлэх,Үзгээ хэрэглүүлээч/зээлээч.,lend,ペンを かしてください,Please lend a pen.
かぜ,салхи,Өнөөдөр их салхитай байна.,wind,きょうは とても かぜが つよいです,It's very windy today.
かぜ,ханиад,Ханиад хүрсэн.,cold,かぜを ひきました,I caught a cold.
かぞく,гэр бүл,Миний гэр бүл ч бас токиод амьдардаг.,family,わたしの かぞくも とうきょうに すんでいます,My family also lives in Tokyo.
かた,хүн,Ажлынхаа хүнтэй ярилцсан.,person (respect),かいしゃのかたと はなしました,I talked to a person from the company.
カタカナ,катакана,Катакана ана бол хэцүү биш.,katakana,カタカナは むずかしくないです,Katakana is not difficult.
がっこう,сургууль,Алхаад сургууль руугаа явна.,school,あるいて 学校に いきます,I will walk to school.
かど,өнцөг,Дараачийн булангаар баруун эргэнэ.,corner,つぎの かどを みぎに まがります,Turn right at the next corner.
かない,,Манай эхнэр одоо гэртээ байгаа.,(my) wife,かないは いま うちに います,My wife is at home now.
かばん,цүнх,Цүнхэн дотор РС байгаа.,bag,かばんの なかに PCが あります,There is a PC in the bag.
かびん,ваар,Ширээн дээр цэцгийн ваар байна.,vase,テーブルの うえに かびんが あります,There is a vase on the table.
かぶります,"углах, өмсөх /малгай/",Малгайгаа өмсөнө.,put on,ぼうしを かぶります,Put on a hat.
かみ,цаас,Цаас 1 ширхгийг өгөөч,paper,紙を 1まい ください,Please give me a piece of paper.
カメラ,камер,Шинэ камер худалдаж авсан.,camera,あたらしい カメラを かいたいです,I want to buy a new camera.
かようび,Мягмар гараг,Өнөөдөр бол мягмар гараг.,Tuesday,きょうは 火よう日です, Today is Tuesday.
からい,халуун ногоотой,Халуун ногоотой идэх юм зүгээр үү?,"hot, spicy [i-adj.]",からい たべものは だいじょうぶですか,Is spicy food okay?
からだ,бие,Спорт бол бид сайн.,body,スポーツは からだに いいです,Sports are good for you.
かります,зээлж авах,Найзаасаа шүхэр зээлсэн.,borrow,ともだちに かさを かりました,I borrowed an umbrella from my friend.
かるい,хөнгөн,Энэ цүнх хөнгөн байна.,"light, not heavy [i-adj.]",このバッグは かるいです,This bag is light.
カレンダー,календар,Энэ бол өнгөрсөн жилийн календарь.,calendar,これは きょねんの カレンダーです,This is last year's calendar.
かわ,гол,Том гол байна.,river,おおきい川が あります,There is a big river.
かわいい,хөөрхөн,Хүүхэд бол хөөрхөн.,"pretty, sweet, cute [i-adj.]",こどもは かわいいです,Children are cute.
かんがえます,бодох,Сайхан санаа бодсон.,"consider, think",いいアイデアを かんがえました,I came up with a good idea.
かんじ,ханк,Ханзны хичээл хийж байна.,kanji,かんじの べんきょうを しています,I'm studying kanji.
かんたん,амархан,Энэ асуулт амархан.,easy [na-adj.],このもんだいは かんたんです,This question is easy.
き,мод,Цэцэрлэгт том мод байна.,tree,にわに おおきい 木が あります,There is a big tree in the garden.
きいろい,шар өнгө,Шар өнгийн тодруулагчаар шалгана.,yellow [i-adj.],きいろい マーカーで チェックします,Check with the yellow marker.
きえます,тасрах,Тог тасарсан.,"go out, go off",でんきが きえました,The electricity has gone out.
ききます,сонсох,Чихэвчээр хөгжим сонсдог.,"ask, hear, listen",イヤホンで おんがくを 聞きます,Listen to music with earphones.
きた,хойд,Хойд зүг аль вэ?,north,北は どちらですか,Which direction is north?
ギター,гитар,Гитарын дасгал хийж байна.,guitar,ギターの れんしゅうを しています,I'm practicing the guitar.
きたない,бохир,Энэ барилгын ариун цэврийн өрөө бохир байна.,dirty [i-adj.],このビルの トイレは きたないです,The toilet in this building is dirty.
きっさてん,кофе шоп,Өртөөний урд хуучин кофе шоп байгаа.,coffee shop,えきのまえに ふるい きっさてんが あります,There is an old coffee shop in front of the station.
きって,"тамга, марк",Шуудангаас марк худалдаж авсан.,stamp,ゆうびんきょくで きってを かいました,I bought a stamp at the post office.
きっぷ,тасалбар,Энэ бол хурдан галт тэрэгний тасалбар.,ticket,これは しんかんせんの きっぷです,This is a Shinkansen ticket.
きのう,өчигдөр,Өчигдөр япон хэлний хичээл их хийсэн.,yesterday,きのう たくさん にほんごの べんきょうをしました,I studied a lot of Japanese yesterday.
きます,ирэх,Дараа 7 хоногт эцэг эх маань токиод ирнэ.,come,らいしゅう りょうしんが とうきょうに 来ます,"Next week, my parents will come to Tokyo."
きます,өмсөх,Хүйтэн байгаа болохоор хоолойтой цамцаа өмснө.,"put on, wear",さむいですから、セーターをきます,"It's cold, so I'll wear a sweater."
きゅう,ес,9 ширхэг ном түр авсан.,nine,ほんを 九さつ かりました,I borrowed nine books.
ぎゅうにく,үхрийн мах,Японд үхрийн мах бол үнэтэй.,beef,にほんで ぎゅうにくは たかいです,Beef is expensive in Japan.
ぎゅうにゅう,сүү,Өглөө бүр сүү ууна.,milk,まいあさ ぎゅうにゅうを のみます,I drink milk every morning.
きょう,өнөөдөр,Өнөөдөр цаг агаар сайхан байна шүү.,today,今日は いい てんきですね,"It's nice weather today, isn't it?"
きょうしつ,анги,,classroom,せんせいは きょうしつに います,The teacher is in the classroom.
きょうだい,ах дүүс,,brothers and sisters; siblings,きょうだいが いますか,Do you have any siblings?
きょうと,Киото /хотын нэр/,,Kyoto [name of city],おととし きょうとに いきました,I went to Kyoto two years ago.
きょねん,өнгөрсөн эил,,last year,きょねん にほんごの べんきょうをはじめました,"Last year, I started studying Japanese."
きらい,дургүй,,"hateful, unpleasant, not likable [na-adj.]",なっとうが きらいです,I hate natto.
きります,хайчлах,,cut,やさいを きります, Cut the vegetables.
きれい,"үзэсгэлэнтэй, гоё",,"beautiful, clean [na-adj.]",このへやは きれいです,This room is clean.
きん,"алт, мөнгө",,Friday = きんようび。,2がつ26にち（金） February 26th (Friday),
ぎんこう,банк,,bank,あとで 銀行に いきます,I will go to the bank later.
きんようび,баасан гараг,,Friday,金よう日に あいましょう,Let's meet on Friday.
く,ес,,nine,いま 九じです,It's nine o'clock now.
くすり,эм,,medicine,しょくじの あとで くすりを のみます,Take medicine after meals.
くだもの,жимс,,fruit,よく くだものを たべます,I often eat fruits.
くち,ам,,mouth,かれは 口が おおきいです,He has a big mouth.
くつ,гутал,,shoes,くつの サイズは いくつですか,What is the size of your shoes?
くつした,оймс,,socks,しろい くつ下を かいました,I bought white socks.
くに,улс,,country,あした 国に かえります,"Tomorrow, I will return to my country."
くもり,үүлэрхэг,,cloudy weather,きょうは くもりです,It's cloudy today.
くらい,харанхуй,,dark [i-adj.],このへやは くらいです,This room is dark.
クラス,анги,,class,しゅうまつは ヨガの クラスに いきます,I go to yoga classes on weekends.
くるま,машин,,car,きょうは 車が おおいですね,There are many cars today.
くろ,хар өнгө,,black [noun],くろで かきます,Write in black.
くろい,хар өнгөтэй,,black [i-adj.],くろい バッグが 3つ あります,There are three black bags.
くろく,харлах,,black [adv.],くろく なりました, It turned black.
ケーキ,торт,,cake,このケーキを 4つ ください,Please give me four of these cakes.
けさ,өнөө өглөө,,this morning,今朝は ６じに おきました,I got up at 6 o'clock this morning.
けしゴム,баллур,,eraser,けしゴムを かしてください,Please lend me an eraser.
けします,арилгах,,"switch off, turn off, erase",でんきを けします,Turn off the light.
げつ,сар,,Monday = げつようび。,4がつ22にち（月） April 22nd (Monday),
けっこんします,гэрлэх,,get married,2がつ15にちに けっこんしました,I got married on February 15th.
げつようび,даваа гараг,,Monday,月よう日は いつも いそがしいです,I'm always busy on Mondays.
げんかん,"орох хаалга, урд хаалга",,"front door, front entrance",げんかんで くつを ぬぎます,Take off your shoes at the entrance.
げんき,"эрүүл, сайн",,fine [na-adj.],おげんきですか,How are you?
ご,ご,,five,ふじさんに五かい のぼりました,I climbed Mt. Fuji five times.
こうえん,цэцэрлэг,,park,うちの ちかくに こうえんが あります,There is a park near my house.
こうばん,цагдаагийн хэсэг,,police box,えきの まえに こうばんが あります,There is a police box in front of the station.
こえ,дуу хоолой,,voice,いい こえですね,You have a good voice.
コート,цув,,coat,さむいから、コートをきます,"It's cold, so I'll wear a coat."
コーヒー,кофе,,coffee,コーヒーを 2はい のみました,I drank two cups of coffee.
ここ,энд,,here,ここは あついです,It's hot here.
ごご,үдээс хойш,,"afternoon, p.m.",あしたの 午後は うちに います,I'll be at home tomorrow afternoon.
ここのか,"долооны өдөр, долоон өдөр",,"ninth day of the month, nine days",きょうは 九日です,Today is the 9th.
ここのつ,долоон ширхэг,,nine,ふくろの なかに りんごが 九つ あります,There are nine apples in the bag.
ごしゅじん,нөхөр,,(someone's) husband,ごしゅじんは いま どこに いますか,Where is your husband now?
ごぜん,үдээс өмнө,,a.m.,いま 午前 11じです,It's 11am now.
こたえ,хариулт,,answer,ここに こたえを かいてください,Please write your answer here.
こたえかた,хариулах арга/хэлбэр,,how to answer,こたえかたが わかりません,I don't know how to answer.
こたえます,хариулах,,answer,もんだいに こたえてください,Please answer the question.
こちら,энд,,"this side, this place, this one",こちらは どなたですか,Who is this?
コップ,аяга,,"glass, drinking cup",テーブルの うえに コップが たくさん あります,There are many cups on the table.
ことし,энэ жил,,this year,今年は くにに かえりません,I will not return to the country this year.
ことば,үг,,"word, language, phrase",たくさん ことばを おぼえました,I learned a lot of words.
こども,хүүхэд,,child,わたしは 子どもが 3にん います,I have 3 children.
この～,энэ～,,this ...,このカメラは とても かるいです,This camera is very light.
ごはん,"хоол, будаа",,"rice, meal",あさ 8じに ごはんを たべました,I ate at 8 am.
コピー,хуулбар,,copy,コピーをもらってもいいですか,May I get a copy?
コピーします,хуулбарлах,,make a copy,5ページから10ページまで コピーしてください,Please copy pages 5 to 10.
こまります,"яахаа мэдэхээ болих, асуудалд орох",,be in trouble,スマホを わすれましたから、こまりました,I was in trouble because I forgot my smartphone.
これ,энэ,,this (one),これを ２つと、それを ３つ ください,Please give me two of these and three of them.
こんげつ,энэ сар,,this month,今月は とても いそがしいです,This month is very busy.
こんしゅう,энэ долоо хоног,,this week,今週は あまり いそがしくないです,I'm not very busy this week.
こんな,ийм,,"this sort of, like this [na-adj.]",こんな りょうりが すきです,I like this kind of food.
こんばん,энэ орой,,tonight,こんばん 9じに うちに かえります, I'll be back home tonight at 9 o'clock.
さいご,"сүүлд, хамгийн сүүлд",,"end, last time",レッスンの さいごに しゅくだいを あげます,I will give you homework at the end of the lesson.
さかな,загас,,fish,にくより 魚のりょうりが すきです,I like fish dishes better than meat.
さき,сая,,"former, earlier",お先に どうぞ,After you.
さきます,"дэлгэрэх, цэцэглэх",,bloom,はるには いろいろなはながさきます,Various flowers bloom in spring.
さくぶん,"зохион бичлэг, эх бичих",,composition,さくぶんは いい れんしゅうです,Writing is a good practice.
さします,さします,,put up (umbrella),あめでしたが、かさをさしませんでした,"It was raining, but I didn't hold my umbrella."
サッカー,хөл бөмбөг,,"soccer, football",あしたは サッカーの しあいが あります,Tomorrow there is a soccer game.
ざっし,сэтгүүл,,magazine,このざっしの しゃしんは きれいです,The photos in this magazine are beautiful.
さとう,элсэн чихэр,,sugar,コーヒーに さとうを いれますか,Would you like to add sugar to your coffee?
さむい,хүйтэн,,cold (weather) [i-adj.],きょうは きのうより さむいです,It's colder today than yesterday.
さらいねん,2жилийн дараа,,the year after next,たぶん さらいねん にほに いきます,Maybe I will go to Japan the year after next.
さん,さん,,three,でんちを さんこ いれます,Insert three batteries.
さんぽ,алхалт,,walk,ちちと ははは さんぽが すきです,My father and mother like walking.
さんぽ(を)します,алхах,,take a walk,けさ ははと さんぽをしました,I took a walk with my mother this morning.
し,し,,four = よん。,"いち、に、さん、四、ご… one, two, three, four, five ...",
しお,давс,,salt,しおを すこし いれてください,Please add a little salt.
しかし,гэвч,,"but, however (formal, written language)",べんきょうしました。しかし、わすれました,I studied. But I forgot.
じかん,цаг,,time,あしたは 時間が あります,I have time tomorrow.
しごと,ажил,,work,どんな しごとを していますか,What kind of work do you do?
じしょ,толь бичиг,,dictionary,じしょで しらべました,I looked it up in the dictionary.
しずか,чимээгүй,,quiet [na-adj.],このカフェは しずかです,This cafe is quiet.
した,"доор, доошоо",,"under, below",テーブルの 下に コンセントが あります,There is an outlet under the table.
しつもん,асуулт,,question,しつもんが あります,I have a question.
じてんしゃ,дугуй,,bicycle,じてんしゃで がっこうに いきます,I go to school by bicycle.
じどうしゃ,авто машин,,car,じどうしゃが 5だい あります,There are 5 cars.
しにます,үхэх,,die,ペットが しにました,The pet has died.
じびき,толь бичиг,,dictionary = じしょ,じしょと じびきは おなじです,"Jisho and ""Jibiki"" are the same."
じぶん,өөрөө,,oneself,じぶんで つくりました,I made it myself.
します,хийх,,do,あしたは なにを しますか,What are you going to do tomorrow?
しまります,хаагдах,,close (intransitive verb),ドアが しまります,The door closes.
しめます,хаах,,close (transitive verb),わたしは ドアを しめます,I close the door.
しゃしん,зураг,,"photograph, photo, picture",いっしょに しゃしんを とりましょう,Let's take a picture together.
シャツ,цамц,,shirt,しろい シャツを かいました,I bought a white shirt.
シャワー,шүршүүр,,shower,まいあさ シャワーを あびます,I take a shower every morning.
しゅう,долоо хоног,,week,この週とこの週はとうきょうに います,This week and this week I'm in Tokyo.
じゅう,арав,,ten,おとこの ひとが 十にん います,There are ten men.
ジュース,жүүс,,juice,オレンジジュースをください,Please give me orange juice.
じゅぎょう,хичээл,,"class, lesson",きょうは にほんごの じゅぎょうが あります,I have a Japanese class today.
しゅくだい,даалгавар,,homework,しゅくだいが たくさん あります,I have a lot of homework.
じょうず,"сайн, чадварлаг",,"good, skillful [na-adj.]",かのじょは にほんごが じょうずです,She is good at Japanese.
じょうずに,чадварлагаар,,well [adv.],とても 上手に できましたね,You did it very well.
じょうぶ,"эрүүл, хүчтэй, бат бөх",,"healthy, strong, firm, durable [na-adj.]",このスーツケースはじょうぶです, This suitcase is durable.
しょうゆ,шар буурцгийн цуу,,soy sauce,しょうゆを すこし いれます,Add a little soy sauce.
しょくどう,хоолны өрөө,,dining room,10かいに しょくどうが あります,There is a dining room on the 10th floor.
しります,мэдэх,,know,"「はい、知っています」「いいえ、知りません」""Yes, I know"" ""No, I don't know""",
しろい,цагаан өнгө,,white [i-adj.],白い はなを かいました,I bought a white flower.
しんぶん,сонин,,newspaper,うちで 新聞を よみます,I read the newspaper at home.
すい,ус,,Wednesday = すいようび。,げつと水は やすみです, Monday and Wednesday are closed.
すいます,"амьсгалах, тамхилах",,"breath in, smoke",たばこを すいますか,Do you smoke?
すいようび,лхагва гараг,,Wednesday,水よう日は うちで しごとを します,I work at home on Wednesday.
スカート,юбка,,skirt,ときどき スカートを はきます,I wear a skirt sometimes.
すき,дуртай,,like [na-adj.],わたしは べんきょうが すきです,I like studying.
すくない,бага,,few,きょうは しゅくだいが すくないです,I have less homework today.
すぐに,шууд,,"soon, right away",すぐに おわります,It will end soon.
すこし,жоохон,,a little,少し じかんを ください,Please give me some time.
すし,суши,,sushi,きのう すしを たべました,I ate sushi yesterday.
すしや,сушины газар,,sushi restaurant,きのうは すしやに いきました,Yesterday I went to a sushi restaurant.
すずしい,сэрүүхэн,,cool (weather) [i-adj.],きょうは きのうより すずしいです,Today is cooler than yesterday.
ストーブ,"зуух, халаагуур",,"stove, heater",これは ふるい ストーブです,This is an old stove.
スプーン,халбага,,spoon,スプーンで カレーを たべます,Eat curry with a spoon.
スポーツ,спорт,,sports,なにか スポーツを していますか,Do you play any sports?
ズボン,өмд,,"trousers, pants",ズボンを はきます,I wear pants.
すみます,амьдрах,,"live, inhabit",めぐろに 住んでいます,I live in Meguro.
スリッパ,таавчиг,,slippers,ここで スリッパを はきます,I will put on my slippers here.
すわります,суух,,sit down,どうぞ ここに すわって ください,Please have a seat here.
せ,өндөр,,height,あのひとは とても せが たかいです,That person is very tall.
せいと,оюутан,,student,わたしは MLCの せいとです,I am a MLC student.
セーター,хоолойтой цамц,,sweater,このセーターは とても あたたかいです,This sweater is very warm.
せっけん,хатуу саван,,soap,せっけんで よく てを あらいましょう,Wash your hands thoroughly with soap.
せびろ,"хүрэм, хослол",,"jacket, suit",あのひとは いつも せびろを きています,That person is always in a suit.
せまい,"нарийн, давчуу",,"narrow, not spacious [i-adj.]",わたしの へやは せまいです,My room is small.
ゼロ,тэг /0/,,zero,これは カロリーゼロです,This is zero calories.
せん,мянга,,thousand,これは 千えんです,This is a thousand yen.
せんげつ,өнгөрсөн сар,,last month,先月 ハワイに いきました,I went to Hawaii last month.
せんしゅう,өнгөрсөн долоо хоног,,last week,先週の きんようびに びょういんに いきました,I went to the hospital last Friday.
せんせい,багш,,teacher,こちらは わたしの 先生です,This is my teacher.
せんたく,угаалга,,"washing, laundry",まいにち せんたくを します,I will do the laundry every day.
ぜんぶ,бүгд,,all,しゅくだいは ぜんぶ おわりました,I've done all my homework.
そうじ,цэвэрлэгээ,,cleaning,わたしは そうじが すきです,I like cleaning.
そうじします,цэвэрлэгээ хийх,,clean,これから このへやを そうじします,I'm going to clean this room.
そこ,тэнд,,there,かぎは そこに あります, The key is there.
そして,тэгээд,,"and, then",ともだちに あいました。そして、すしやにいきました,I met my friend. Then I went to a sushi restaurant.
そちら,тэнд /*хүндэтгэлийн хэлбэр/,,"there, your place",あした そちらに いきます,I will go there tomorrow.
そと,"гадна, гадаа",,outside,外は すごい あめです,It's raining a lot outside.
その～,тэр～,,that ...,そのひとは とても しんせつでした,The person was very kind.
そば,ойролцоо,,nearby,オフィスの そばの みせで かいました,I bought it at a store near my office.
そら,тэнгэр,,sky,きょうは 空が とても きれいですね,The sky is very beautiful today.
それ,тэр,,that (one),それは なんですか, What is it?
それから,"тэрнээс, тэгээд",,"and then, after that",これをください。それから、これもください," This one, please. Also, this one, please."
それでは,тэгвэл,,"then, well",それでは つぎの ページに いきましょう,Now let's go to the next page.
